--
-- PostgreSQL database dump
--

-- Dumped from database version 16.3 (Debian 16.3-1.pgdg120+1)
-- Dumped by pg_dump version 16.3 (Debian 16.3-1.pgdg120+1)

SET statement_timeout = 0;
SET lock_timeout = 0;
SET idle_in_transaction_session_timeout = 0;
SET client_encoding = 'UTF8';
SET standard_conforming_strings = on;
SELECT pg_catalog.set_config('search_path', '', false);
SET check_function_bodies = false;
SET xmloption = content;
SET client_min_messages = warning;
SET row_security = off;

SET default_tablespace = '';

SET default_table_access_method = heap;

--
-- Name: station; Type: TABLE; Schema: public; Owner: postgres
--

CREATE TABLE public.station (
    station_id integer NOT NULL,
    station_name character varying(50),
    city character varying(50),
    street_name character varying(50),
    street_number character varying(5),
    country character varying(50)
);


ALTER TABLE public.station OWNER TO postgres;

--
-- Name: station_sequence; Type: SEQUENCE; Schema: public; Owner: postgres
--

CREATE SEQUENCE public.station_sequence
    START WITH 1
    INCREMENT BY 1
    NO MINVALUE
    NO MAXVALUE
    CACHE 1;


ALTER SEQUENCE public.station_sequence OWNER TO postgres;

--
-- Name: unit; Type: TABLE; Schema: public; Owner: postgres
--

CREATE TABLE public.unit (
    unit_id integer NOT NULL,
    station_id integer,
    status character varying(20),
    coin_tray_amount integer
);


ALTER TABLE public.unit OWNER TO postgres;

--
-- Name: unit_sequence; Type: SEQUENCE; Schema: public; Owner: postgres
--

CREATE SEQUENCE public.unit_sequence
    START WITH 1
    INCREMENT BY 1
    NO MINVALUE
    NO MAXVALUE
    CACHE 1;


ALTER SEQUENCE public.unit_sequence OWNER TO postgres;

--
-- Name: wash_cycle; Type: TABLE; Schema: public; Owner: postgres
--

CREATE TABLE public.wash_cycle (
    wash_cycle_id integer NOT NULL,
    unit_id integer,
    wash_cycle_date timestamp without time zone,
    water_consumption double precision,
    detergent_consumption double precision,
    wax_consumption double precision,
    coin_amount double precision
);


ALTER TABLE public.wash_cycle OWNER TO postgres;

--
-- Name: wash_cycle_sequence; Type: SEQUENCE; Schema: public; Owner: postgres
--

CREATE SEQUENCE public.wash_cycle_sequence
    START WITH 1
    INCREMENT BY 1
    NO MINVALUE
    NO MAXVALUE
    CACHE 1;


ALTER SEQUENCE public.wash_cycle_sequence OWNER TO postgres;

--
-- Data for Name: station; Type: TABLE DATA; Schema: public; Owner: postgres
--

COPY public.station (station_id, station_name, city, street_name, street_number, country) FROM stdin;
1	Vinkovci-2	Vinkovci	Epic Ulica	1	Croatia
12	qwettt	tttt	Epic Ulica	1	Croatia
\.


--
-- Data for Name: unit; Type: TABLE DATA; Schema: public; Owner: postgres
--

COPY public.unit (unit_id, station_id, status, coin_tray_amount) FROM stdin;
4	1	INACTIVE	0
5	1	INACTIVE	0
6	1	INACTIVE	0
1	1	IN_USE	0
3	1	AVAILABLE	0
7	12	INACTIVE	0
2	12	INACTIVE	0
\.


--
-- Data for Name: wash_cycle; Type: TABLE DATA; Schema: public; Owner: postgres
--

COPY public.wash_cycle (wash_cycle_id, unit_id, wash_cycle_date, water_consumption, detergent_consumption, wax_consumption, coin_amount) FROM stdin;
1	4	2023-04-20 04:58:09.07	2.6600000858306885	2.9200000762939453	2.609999895095825	2
2	2	2022-05-15 02:23:24.59	2.6600000858306885	2.9200000762939453	2.609999895095825	2
3	2	2023-11-06 21:04:50.91	2.6600000858306885	2.9200000762939453	2.609999895095825	2
4	13	2023-02-13 14:28:27.18	2.6600000858306885	2.9200000762939453	2.609999895095825	2
6	7	2023-09-09 23:49:48	2.6600000858306885	2.9200000762939453	2.609999895095825	2
8	6	2022-04-03 17:59:21.25	2.6600000858306885	2.9200000762939453	2.609999895095825	2
9	2	2022-12-24 16:41:22.88	2.6600000858306885	2.9200000762939453	2.609999895095825	2
15	7	2022-08-09 22:55:27.83	2.6600000858306885	2.9200000762939453	2.609999895095825	2
18	3	2022-10-06 20:49:57.21	2.6600000858306885	2.9200000762939453	2.609999895095825	2
19	1	2024-07-29 04:39:38.48	2.6600000858306885	2.9200000762939453	2.609999895095825	2
20	3	2023-06-03 09:25:30.13	2.6600000858306885	2.9200000762939453	2.609999895095825	2
21	6	2022-06-24 21:20:50.26	2.6600000858306885	2.9200000762939453	2.609999895095825	2
22	13	2023-08-29 17:47:29.21	2.6600000858306885	2.9200000762939453	2.609999895095825	2
23	2	2023-04-01 10:27:48.43	2.6600000858306885	2.9200000762939453	2.609999895095825	2
25	13	2023-01-18 05:13:01.69	2.6600000858306885	2.9200000762939453	2.609999895095825	2
26	2	2022-02-05 09:02:51.18	2.6600000858306885	2.9200000762939453	2.609999895095825	2
27	7	2022-10-01 11:27:49.29	2.6600000858306885	2.9200000762939453	2.609999895095825	2
28	4	2023-04-23 00:36:37.81	2.6600000858306885	2.9200000762939453	2.609999895095825	2
30	3	2024-02-10 07:17:36.97	2.6600000858306885	2.9200000762939453	2.609999895095825	2
31	4	2023-05-11 09:05:32.04	2.6600000858306885	2.9200000762939453	2.609999895095825	2
32	7	2023-07-24 06:25:14.18	2.6600000858306885	2.9200000762939453	2.609999895095825	2
33	1	2022-07-10 11:40:39.85	2.6600000858306885	2.9200000762939453	2.609999895095825	2
34	4	2023-01-26 14:27:17.25	2.6600000858306885	2.9200000762939453	2.609999895095825	2
35	3	2022-04-02 19:12:43.34	2.6600000858306885	2.9200000762939453	2.609999895095825	2
36	13	2024-06-12 07:04:04.24	2.6600000858306885	2.9200000762939453	2.609999895095825	2
37	6	2022-08-12 15:31:30.1	2.6600000858306885	2.9200000762939453	2.609999895095825	2
38	2	2023-10-05 02:57:57.91	2.6600000858306885	2.9200000762939453	2.609999895095825	2
39	3	2022-01-05 00:10:00.55	2.6600000858306885	2.9200000762939453	2.609999895095825	2
41	1	2024-01-04 12:14:03.87	2.6600000858306885	2.9200000762939453	2.609999895095825	2
42	13	2024-07-23 21:02:56.76	2.6600000858306885	2.9200000762939453	2.609999895095825	2
43	6	2024-07-29 15:22:48.42	2.6600000858306885	2.9200000762939453	2.609999895095825	2
45	6	2024-05-16 13:09:10.12	2.6600000858306885	2.9200000762939453	2.609999895095825	2
46	1	2024-02-07 18:11:32.81	2.6600000858306885	2.9200000762939453	2.609999895095825	2
47	13	2023-10-29 19:02:32.14	2.6600000858306885	2.9200000762939453	2.609999895095825	2
48	6	2023-06-10 15:15:47.08	2.6600000858306885	2.9200000762939453	2.609999895095825	2
49	6	2022-02-26 09:09:03.55	2.6600000858306885	2.9200000762939453	2.609999895095825	2
50	2	2023-04-12 06:49:39.3	2.6600000858306885	2.9200000762939453	2.609999895095825	2
51	6	2023-11-01 19:53:13.5	2.6600000858306885	2.9200000762939453	2.609999895095825	2
52	13	2024-05-06 07:40:37.17	2.6600000858306885	2.9200000762939453	2.609999895095825	2
53	3	2022-09-19 18:06:29.76	2.6600000858306885	2.9200000762939453	2.609999895095825	2
54	6	2022-07-26 09:41:26.5	2.6600000858306885	2.9200000762939453	2.609999895095825	2
55	4	2023-03-07 16:35:20.23	2.6600000858306885	2.9200000762939453	2.609999895095825	2
57	3	2023-07-28 18:53:17.02	2.6600000858306885	2.9200000762939453	2.609999895095825	2
59	6	2022-01-28 15:38:17.61	2.6600000858306885	2.9200000762939453	2.609999895095825	2
62	4	2024-04-17 20:48:40.2	2.6600000858306885	2.9200000762939453	2.609999895095825	2
63	7	2023-11-27 12:42:54.53	2.6600000858306885	2.9200000762939453	2.609999895095825	2
64	3	2024-02-24 16:40:39.82	2.6600000858306885	2.9200000762939453	2.609999895095825	2
66	13	2022-03-14 21:58:33.82	2.6600000858306885	2.9200000762939453	2.609999895095825	2
16	7	2023-09-28 12:47:01.92	2.6600000858306885	2.9200000762939453	2.609999895095825	2
17	1	2023-07-24 06:34:42.48	2.6600000858306885	2.9200000762939453	2.609999895095825	2
10	1	2024-02-04 08:07:37.14	2.6600000858306885	2.9200000762939453	2.609999895095825	2
11	3	2023-12-21 21:17:24.1	2.6600000858306885	2.9200000762939453	2.609999895095825	2
13	1	2024-05-15 14:03:40.26	2.6600000858306885	2.9200000762939453	2.609999895095825	2
14	3	2023-03-29 23:38:16.96	2.6600000858306885	200	2.609999895095825	2
65	2	2024-02-02 17:45:48.9	2.6600000858306885	2.9200000762939453	2.609999895095825	2
67	3	2022-09-29 07:14:15.05	2.6600000858306885	2.9200000762939453	2.609999895095825	2
68	1	2024-02-20 12:41:58.66	2.6600000858306885	2.9200000762939453	2.609999895095825	2
69	13	2022-09-27 06:58:30.52	2.6600000858306885	2.9200000762939453	2.609999895095825	2
72	3	2022-10-26 13:37:04.35	2.6600000858306885	2.9200000762939453	2.609999895095825	2
74	1	2024-07-29 09:04:35.07	93.93755340576172	1.9857648611068726	0.8979405164718628	4
75	2	2023-11-14 16:21:16.27	120.18035125732422	1.6625386476516724	0.9807548522949219	5
76	1	2024-06-07 02:29:28.85	117.06615447998047	1.2148582935333252	0.8336513042449951	4
77	7	2024-02-09 18:44:31.44	219.30833435058594	1.5610841512680054	0.3357791602611542	3
78	13	2024-05-25 01:10:23.11	255.02015686035156	1.5260752439498901	0.5172784328460693	4
79	1	2024-03-03 09:44:33.03	184.10321044921875	0.5623241066932678	0.5692949891090393	5
80	6	2024-06-07 15:26:08.37	258.2630920410156	1.959726333618164	0.974282443523407	4
81	7	2024-04-14 09:45:23.94	157.77032470703125	1.5947234630584717	0.46999096870422363	4
84	13	2023-11-16 18:20:25.55	224.49679565429688	1.50266695022583	0.6497361063957214	4
85	3	2024-04-20 08:11:27.72	131.81692504882812	1.4409043788909912	0.6410759687423706	4
86	13	2022-04-28 09:50:34.93	210.357421875	0.5899184346199036	0.6817389130592346	2
88	2	2022-03-28 03:27:29.6	261.712890625	1.3483800888061523	0.7295658588409424	5
91	1	2024-08-02 16:34:50.39	211.6074676513672	1.5038326978683472	0.36841538548469543	2
92	6	2023-11-28 22:31:51.76	205.84149169921875	0.8423481583595276	0.8967886567115784	2
93	1	2022-11-14 05:25:53.48	290.7684631347656	0.9441489577293396	0.9473264217376709	4
94	7	2023-11-30 10:03:52.46	88.00438690185547	1.2690761089324951	0.4766102433204651	5
95	4	2023-06-23 00:49:03.26	244.1178741455078	0.999076247215271	0.9402911067008972	3
96	6	2023-11-28 13:59:24.17	112.94853973388672	0.6663175821304321	0.6012662649154663	3
99	3	2023-03-20 13:54:46.27	118.38947296142578	0.7394251823425293	0.8181946873664856	2
100	2	2023-12-02 06:02:28.28	252.10671997070312	1.6365602016448975	0.9494733810424805	2
101	2	2023-11-01 00:50:42.55	179.291748046875	1.2071720361709595	0.45489561557769775	3
102	3	2023-12-01 18:43:03.16	137.9333038330078	1.7476613521575928	0.7324123978614807	4
105	2	2022-04-23 18:23:47.85	131.366455078125	0.6865883469581604	0.507189154624939	4
106	3	2023-07-16 22:18:57.02	189.93426513671875	1.8429125547409058	0.6431103944778442	5
108	7	2023-12-12 05:08:22.31	78.13233947753906	1.5246552228927612	0.9709892272949219	3
109	4	2024-01-01 16:10:11.81	176.02513122558594	0.5109405517578125	0.43097418546676636	3
110	4	2022-07-09 16:19:56.99	127.56713104248047	1.4272819757461548	0.7243664264678955	3
111	7	2023-12-05 07:49:07.8	226.78204345703125	1.1842759847640991	0.3479836881160736	2
112	3	2024-01-10 05:07:00.27	66.2744369506836	1.8448057174682617	0.4332020580768585	5
113	4	2023-07-01 03:45:48.28	259.22076416015625	0.6358215808868408	0.665988028049469	2
114	13	2022-10-27 00:07:03.42	196.5526123046875	0.8643075227737427	0.9110186100006104	4
115	13	2023-10-13 23:51:34.71	227.95669555664062	0.8445364236831665	0.8858213424682617	3
116	4	2022-01-30 06:32:07.67	160.5510711669922	1.3411592245101929	0.555084764957428	3
117	6	2022-05-04 00:35:19.78	291.25457763671875	0.6775799989700317	0.7713013887405396	3
119	4	2024-07-01 14:50:59.5	57.65123748779297	1.1272556781768799	0.7374212741851807	3
120	13	2024-05-23 09:58:19.13	106.76211547851562	0.9605860710144043	0.4137302041053772	2
121	1	2022-08-19 02:22:25.9	268.41943359375	1.7412192821502686	0.8910908699035645	5
122	4	2022-03-29 04:33:35.84	259.0761413574219	0.5078603029251099	0.8756015300750732	3
123	7	2022-01-22 20:45:18.87	224.92652893066406	1.3355964422225952	0.5767718553543091	3
124	6	2023-07-06 03:01:03.62	63.79522705078125	0.9915468096733093	0.30565962195396423	3
125	1	2023-04-03 05:58:21.68	146.6470184326172	1.9143162965774536	0.942211925983429	4
126	4	2022-07-08 23:18:59.12	275.65716552734375	1.9934102296829224	0.31762054562568665	5
127	4	2024-03-27 20:48:04.68	200.9234619140625	1.8471858501434326	0.4910220503807068	5
128	6	2024-06-28 12:35:48.49	114.52677917480469	0.8901735544204712	0.3120056986808777	5
129	3	2023-08-18 03:23:36.82	282.6483459472656	1.0698304176330566	0.40144288539886475	2
130	3	2024-08-03 12:45:28.83	295.5439453125	0.9865948557853699	0.7764489650726318	5
131	3	2022-05-04 00:18:47.76	272.7373046875	1.601477861404419	0.8834500312805176	5
132	1	2023-09-17 00:13:48.71	61.47854995727539	1.6983970403671265	0.5443611741065979	2
133	6	2022-05-17 08:47:15.57	93.42267608642578	0.9305832982063293	0.9460166692733765	2
134	3	2022-08-08 07:28:26.24	291.2309875488281	1.3047468662261963	0.3835815489292145	4
137	3	2024-01-21 07:36:16.4	276.40057373046875	0.9086291193962097	0.7791782021522522	2
138	2	2023-04-28 07:38:09.78	99.74451446533203	1.896939992904663	0.8681221008300781	3
139	2	2022-10-05 13:32:55.58	254.7032928466797	1.8663780689239502	0.6192219853401184	4
140	13	2023-02-20 19:17:36.13	264.4909973144531	1.3266985416412354	0.5607190132141113	2
141	4	2024-03-25 23:30:05.11	234.8802490234375	1.170048475265503	0.8842730522155762	2
142	4	2022-05-13 00:39:58.1	147.16148376464844	1.559800624847412	0.6758366823196411	5
143	13	2024-02-24 16:19:52.79	96.09929656982422	1.0855971574783325	0.6820424199104309	2
144	3	2022-01-08 18:22:03.96	183.025390625	1.0657700300216675	0.9181714057922363	4
145	2	2022-11-01 16:38:45.92	135.75839233398438	0.9399540424346924	0.5534446239471436	3
146	3	2024-03-11 16:34:54.08	128.72259521484375	1.0716266632080078	0.6087212562561035	4
147	1	2022-05-15 01:45:57.41	230.14498901367188	1.816835641860962	0.39469966292381287	2
148	3	2023-10-27 04:22:13.13	117.0837173461914	0.8589050769805908	0.8407699465751648	2
149	1	2023-11-28 02:07:54.14	264.39263916015625	0.9665858149528503	0.8948409557342529	2
150	2	2022-12-14 23:19:07.82	76.46717834472656	1.3283069133758545	0.6277287602424622	3
152	1	2022-12-14 07:55:29.86	227.71417236328125	1.5610367059707642	0.4119165241718292	3
153	4	2023-07-11 22:41:45.37	113.2331314086914	1.1142799854278564	0.7448990941047668	4
155	3	2023-10-21 01:16:17.68	140.83688354492188	0.8060181736946106	0.3562527894973755	3
156	3	2022-10-11 13:04:08.21	60.824974060058594	0.869316041469574	0.5537656545639038	2
157	7	2023-05-22 13:06:21.44	259.03631591796875	1.1229733228683472	0.8101974725723267	3
158	3	2023-11-29 08:35:09.34	104.50743103027344	1.2987905740737915	0.9379423260688782	5
160	3	2022-07-11 02:14:05.87	265.55908203125	0.6859021782875061	0.42606252431869507	4
161	4	2022-08-26 21:20:41.61	184.8173828125	1.1117676496505737	0.9382136464118958	3
163	4	2022-05-09 20:58:47.33	237.02743530273438	1.1495260000228882	0.3996705710887909	2
164	3	2022-01-19 08:49:54.25	142.12518310546875	0.9525813460350037	0.8543700575828552	3
165	4	2022-07-27 19:50:58.68	107.64118194580078	1.675127625465393	0.8194746971130371	4
166	4	2022-05-14 22:19:48.87	275.4634704589844	1.7483196258544922	0.495411217212677	4
167	1	2023-03-24 05:02:53.38	100.26026916503906	1.9327560663223267	0.7448227405548096	3
168	13	2022-10-12 12:13:40.25	279.7225036621094	1.7624399662017822	0.8122026324272156	5
170	7	2022-01-24 08:51:16.21	76.74244689941406	1.9059275388717651	0.8343397974967957	2
171	1	2024-07-03 10:38:11.08	101.56864929199219	0.5790355801582336	0.8686602711677551	5
172	13	2023-12-30 07:54:32.21	219.41769409179688	1.2210016250610352	0.7708826661109924	2
174	3	2024-02-13 11:23:10.33	146.75404357910156	1.9710854291915894	0.9743626117706299	3
175	13	2023-01-02 10:33:31.68	137.8353729248047	1.1815952062606812	0.6992126107215881	4
176	4	2024-05-17 11:46:14.37	133.9522705078125	0.6085574626922607	0.8117718696594238	4
177	2	2023-02-05 09:47:44.5	98.82120513916016	1.7206628322601318	0.9170004725456238	3
178	13	2022-11-19 22:51:54.6	171.20106506347656	1.5215394496917725	0.8513123393058777	3
179	4	2022-09-25 13:14:12.02	220.0104522705078	1.3158293962478638	0.5386039018630981	3
181	1	2023-10-05 20:13:23.7	241.3895721435547	1.3452222347259521	0.6590868234634399	4
182	13	2024-02-22 00:34:55.79	172.222412109375	0.95808345079422	0.8059044480323792	3
183	4	2024-07-03 14:28:51.24	96.72767639160156	1.9588247537612915	0.6227908134460449	5
185	7	2023-10-28 10:48:48.64	104.89087677001953	1.338598370552063	0.7680606245994568	2
186	6	2023-09-05 01:45:36.61	90.06396484375	1.144269347190857	0.9951337575912476	2
188	3	2023-04-16 07:54:59.06	155.38687133789062	1.2691030502319336	0.6006685495376587	4
189	13	2023-02-20 00:27:28.91	278.134521484375	1.9353628158569336	0.8480736017227173	4
190	4	2024-01-04 02:16:07.98	297.5171203613281	1.766762375831604	0.36721283197402954	3
191	6	2023-01-25 05:29:13.05	172.3227996826172	1.885752558708191	0.6712188720703125	2
192	4	2023-07-01 14:56:37.89	60.78413772583008	1.7918411493301392	0.6521739363670349	4
193	7	2022-10-05 00:03:10.18	57.002166748046875	1.3629274368286133	0.4468327760696411	4
194	6	2022-02-15 07:39:39.24	128.30142211914062	0.9798524975776672	0.9615336656570435	3
195	7	2022-07-13 16:02:24.23	88.14817810058594	1.110496997833252	0.9683784246444702	2
196	4	2023-03-21 16:27:19.07	75.35861206054688	1.4888502359390259	0.7867541313171387	4
199	1	2022-05-17 17:13:20.59	205.4873046875	1.4603925943374634	0.9681763648986816	3
200	1	2022-05-21 15:23:38.96	173.7406463623047	1.7704851627349854	0.623747706413269	4
202	1	2023-09-25 10:39:30.06	106.47730255126953	0.7675469517707825	0.8995240330696106	4
203	4	2022-06-29 15:12:24.1	286.3248596191406	1.8227039575576782	0.8312733173370361	3
204	7	2024-06-17 05:42:51.48	285.8926696777344	0.8683143258094788	0.5160408020019531	4
205	3	2024-04-21 08:19:23.11	55.8074951171875	1.8955727815628052	0.5679463744163513	4
206	2	2023-03-24 07:42:26.08	212.4922637939453	1.6757934093475342	0.8617040514945984	5
207	1	2022-02-22 00:57:13.81	92.26461029052734	1.5840517282485962	0.7809418439865112	5
208	13	2023-06-28 22:28:18.53	277.1817626953125	1.5247714519500732	0.6962028741836548	5
209	13	2022-05-03 14:26:53.18	276.4892578125	1.5372815132141113	0.47697028517723083	4
210	2	2023-02-19 02:58:01.73	265.61041259765625	0.7958272099494934	0.7597357034683228	2
212	7	2023-11-02 03:02:51.76	230.0806121826172	1.5541439056396484	0.40202319622039795	4
215	2	2024-01-04 17:02:11.8	162.30250549316406	0.7064794898033142	0.32988667488098145	2
216	13	2023-08-18 15:05:01.1	273.43353271484375	0.6010938286781311	0.6374896764755249	3
218	3	2023-12-30 03:07:01.54	134.56272888183594	0.7852180004119873	0.378439724445343	2
219	4	2023-03-30 11:09:37.5	100.2129135131836	1.4799580574035645	0.5669252276420593	3
220	1	2023-05-18 22:36:16.76	77.97447204589844	1.8165115118026733	0.43077316880226135	5
221	6	2024-02-25 20:14:11.96	77.08137512207031	1.7555867433547974	0.3357686996459961	5
222	4	2023-08-17 08:50:55.1	88.1019287109375	0.5876191854476929	0.572688102722168	5
223	2	2022-10-30 10:37:25.99	76.09510803222656	1.4210617542266846	0.8463854193687439	3
224	2	2022-04-13 05:52:30.09	175.94036865234375	1.0186806917190552	0.529429018497467	2
225	4	2022-01-01 19:27:11.18	217.01805114746094	0.9035349488258362	0.864469587802887	3
226	1	2023-04-05 10:32:48.49	222.97463989257812	1.6279362440109253	0.9920675754547119	2
227	3	2023-06-06 13:24:37.48	258.83349609375	1.6873979568481445	0.7148882150650024	5
228	6	2024-07-18 10:20:33.74	176.18466186523438	1.6002790927886963	0.6418322324752808	5
229	6	2024-04-11 10:13:04.21	60.7147331237793	1.893059492111206	0.6577916741371155	2
230	13	2023-11-06 07:39:54.65	254.69866943359375	1.633034110069275	0.41275322437286377	4
231	13	2022-10-16 16:24:41.94	199.3408203125	1.74972403049469	0.33098140358924866	5
234	3	2023-09-11 20:58:47.68	147.24317932128906	1.9891465902328491	0.793189525604248	3
235	4	2022-03-13 16:01:10.25	225.75900268554688	0.8073051571846008	0.5495133399963379	5
236	3	2023-04-10 12:57:36.66	256.2311096191406	1.7987148761749268	0.8519137501716614	4
237	4	2022-03-23 03:52:02.71	198.61788940429688	1.1068109273910522	0.4120205044746399	4
238	3	2024-02-04 09:52:15.21	108.92817687988281	1.4507478475570679	0.7657825946807861	4
240	2	2024-07-11 17:53:24.98	283.9595947265625	1.3093640804290771	0.9634863138198853	5
241	6	2023-04-12 14:40:47.23	133.97032165527344	1.9181442260742188	0.7739357352256775	5
242	13	2022-05-20 03:10:12.73	250.7451171875	1.5659501552581787	0.33139941096305847	2
243	3	2022-11-17 22:50:53.26	78.49728393554688	0.5358362793922424	0.7542669773101807	3
244	1	2022-05-24 10:31:50.06	162.40843200683594	1.5937740802764893	0.4244826138019562	3
245	7	2023-12-05 03:08:47.46	251.28024291992188	1.4936338663101196	0.6896076798439026	4
246	6	2022-05-14 12:35:49.29	234.3412628173828	1.4139158725738525	0.8691773414611816	5
247	7	2022-03-08 22:56:51.22	116.15990447998047	0.9429157376289368	0.7547764778137207	4
248	13	2022-08-11 09:30:52.05	238.53799438476562	1.9812312126159668	0.91373610496521	3
249	6	2024-04-09 18:46:20.28	298.3395080566406	1.503371000289917	0.8507607579231262	2
250	7	2023-09-28 00:02:25.15	287.8028869628906	1.7725530862808228	0.3337220549583435	2
251	3	2023-02-20 13:41:06.36	199.0873565673828	1.9349679946899414	0.5575641989707947	4
253	2	2023-05-10 01:55:07.04	82.96881103515625	1.5636502504348755	0.8631093502044678	4
254	1	2022-05-19 11:32:25.49	245.26918029785156	0.8641748428344727	0.6595261693000793	3
255	7	2022-09-20 02:23:43.58	191.9359130859375	1.4726808071136475	0.3667963147163391	3
256	6	2022-06-06 07:37:35.35	82.79535675048828	1.8153870105743408	0.49709662795066833	2
257	2	2023-06-26 14:51:41.63	248.93502807617188	1.9095425605773926	0.9205119013786316	5
258	3	2022-11-24 16:34:18.74	127.214111328125	1.8261821269989014	0.7069854140281677	4
259	13	2024-06-26 00:12:34.67	286.3533630371094	1.9249017238616943	0.4461631178855896	4
260	6	2022-07-28 15:06:53.95	123.6957015991211	1.4482954740524292	0.5600723028182983	5
261	2	2023-08-16 07:22:30.05	66.73625946044922	0.8876445889472961	0.40920770168304443	5
262	2	2022-11-18 13:10:44.75	295.0442199707031	0.9130498170852661	0.8429485559463501	5
263	7	2023-04-18 12:55:10.26	115.45421600341797	1.8232871294021606	0.9414377808570862	4
264	13	2023-05-13 22:26:17.22	99.97663116455078	1.1648565530776978	0.38485273718833923	3
265	1	2023-03-29 07:47:11.34	60.0760383605957	1.0193334817886353	0.9142314195632935	3
266	4	2022-10-04 06:20:26.23	218.8158721923828	1.7110270261764526	0.5162418484687805	3
268	4	2023-06-08 08:56:23.81	94.10298919677734	1.3917204141616821	0.8685172200202942	5
274	3	2024-06-17 09:16:42.49	240.57676696777344	1.0532604455947876	0.7579712271690369	4
276	7	2023-01-27 04:08:09.59	294.7002258300781	1.0443226099014282	0.700318455696106	4
277	1	2022-12-06 04:36:53.46	267.4263916015625	1.8592156171798706	0.6830019354820251	3
278	6	2023-02-22 11:36:44.5	169.24356079101562	1.0253052711486816	0.8954770565032959	2
280	7	2023-09-06 02:33:23.75	265.37091064453125	0.9478248357772827	0.6505675315856934	2
282	3	2024-03-17 05:23:53.86	254.489013671875	1.767435908317566	0.7090018391609192	3
283	13	2022-02-06 20:48:50.67	147.37844848632812	0.9839196801185608	0.41562819480895996	4
284	3	2023-10-18 21:41:34.9	119.36234283447266	1.2899303436279297	0.6182562112808228	5
285	3	2023-09-17 12:58:17.05	228.0644989013672	0.9837432503700256	0.5320701003074646	4
287	4	2022-03-05 04:26:14.44	160.32444763183594	0.8006752133369446	0.6905059218406677	2
288	6	2023-12-15 14:12:27.11	190.63717651367188	0.8026117086410522	0.5085606575012207	3
289	13	2022-01-13 23:23:59.99	224.02076721191406	1.143279790878296	0.6363863348960876	3
290	4	2022-02-02 19:07:16.72	120.25499725341797	0.5881755352020264	0.8990007042884827	5
291	4	2022-06-16 18:46:40.04	201.70877075195312	1.3207474946975708	0.6974835395812988	3
292	13	2022-03-06 17:43:37.37	235.45101928710938	1.6752269268035889	0.9781290292739868	2
293	6	2023-12-09 04:55:21.21	92.7099838256836	1.1380929946899414	0.8874855637550354	5
294	7	2023-02-03 02:17:01.21	252.0128173828125	1.7053232192993164	0.9299705624580383	3
295	4	2022-09-25 11:55:45.45	278.8772888183594	1.3433643579483032	0.52498859167099	2
297	1	2023-01-04 17:47:14.53	77.0814437866211	1.5042848587036133	0.8640878200531006	4
299	6	2022-12-24 01:56:58.22	163.0594482421875	0.9213592410087585	0.6843527555465698	5
300	7	2022-11-16 06:16:13.69	247.42893981933594	0.8285210728645325	0.5844281315803528	5
301	6	2023-09-29 11:47:10.05	57.91163635253906	1.054957628250122	0.6236512660980225	2
302	4	2022-02-17 14:43:40.27	68.66216278076172	1.929474949836731	0.41350457072257996	5
303	4	2023-11-12 14:59:13.58	109.3294448852539	1.9136245250701904	0.9962925910949707	4
304	13	2022-07-02 08:03:47.62	258.9493103027344	1.9671522378921509	0.9294966459274292	4
306	3	2022-02-20 06:50:45.37	219.54685974121094	1.3852674961090088	0.9150566458702087	5
308	1	2024-06-13 05:08:30.07	69.39191436767578	0.7438503503799438	0.43624117970466614	5
309	1	2023-10-15 16:06:07.45	264.3102111816406	0.9531565308570862	0.4751131534576416	3
311	4	2023-05-25 02:54:14.44	129.85133361816406	1.9959951639175415	0.9113723635673523	3
313	4	2023-11-14 11:52:52.88	223.27137756347656	0.9313482642173767	0.6181933283805847	2
314	6	2022-08-01 00:36:18.45	268.974609375	1.8775098323822021	0.8560392260551453	2
315	7	2022-07-08 20:02:43.84	149.73886108398438	1.3282647132873535	0.7937724590301514	4
316	7	2022-11-09 23:33:58.8	272.0178527832031	1.8758262395858765	0.8214894533157349	3
317	4	2023-02-04 14:08:20.77	184.6582794189453	0.7896110415458679	0.5392999649047852	3
318	7	2022-06-10 07:20:37.02	81.37793731689453	1.2420660257339478	0.373480886220932	4
319	13	2024-04-16 06:41:35.62	219.079345703125	1.2189240455627441	0.6457287073135376	5
320	1	2023-07-16 19:26:19.28	179.4691162109375	1.3332781791687012	0.3723491430282593	4
322	1	2022-04-26 01:47:13.82	80.3590087890625	0.8626230955123901	0.7093737721443176	5
323	1	2024-05-29 16:38:33.64	249.62857055664062	1.0270969867706299	0.6267296075820923	5
324	13	2022-08-03 14:29:30.95	289.76129150390625	1.442309021949768	0.7227248549461365	5
325	1	2022-04-29 22:36:35.69	265.69085693359375	1.2444851398468018	0.9091495871543884	2
326	4	2023-06-09 16:34:10.54	255.8378143310547	1.1625609397888184	0.7994531393051147	3
327	1	2023-01-27 14:04:23.83	293.9430847167969	1.5903947353363037	0.9139566421508789	3
328	6	2023-11-23 07:34:37.56	274.0988464355469	1.583199143409729	0.9034934639930725	4
329	3	2023-02-22 03:51:45.33	72.6917495727539	1.129897117614746	0.34031203389167786	5
330	3	2022-09-24 21:20:43.38	52.09834671020508	1.1021369695663452	0.8358476758003235	4
331	3	2023-11-30 18:21:26.39	186.71229553222656	1.406358003616333	0.4519003629684448	3
332	3	2022-09-02 05:08:25.18	144.17625427246094	1.6055841445922852	0.7694602608680725	3
333	4	2024-05-01 02:43:05.96	290.7026672363281	0.8155949115753174	0.4625941514968872	2
335	6	2023-02-21 03:54:58.51	201.90676879882812	0.5876103639602661	0.6106203198432922	3
336	13	2024-03-17 04:42:21.41	119.44139099121094	1.1960196495056152	0.6712763905525208	4
337	4	2023-04-27 08:06:38.96	192.15162658691406	0.7853802442550659	0.9935498237609863	2
338	6	2023-08-29 00:51:54.7	109.80318450927734	0.5815403461456299	0.40175408124923706	2
339	2	2023-12-08 21:40:59.11	77.62596130371094	1.361798644065857	0.45358866453170776	3
340	1	2022-05-28 06:17:11.36	94.76122283935547	1.2159560918807983	0.6561901569366455	3
341	2	2022-05-19 07:47:15.07	262.0361633300781	1.41621732711792	0.6272329092025757	3
342	4	2022-04-29 23:12:45.49	84.64260864257812	1.3657244443893433	0.4023110270500183	3
345	4	2023-01-28 06:57:01	190.50543212890625	0.7669097781181335	0.960371196269989	2
346	7	2024-06-13 00:11:31.1	150.56492614746094	1.800402045249939	0.8274839520454407	4
347	1	2024-07-19 17:49:40.58	108.3983154296875	1.296363115310669	0.8795223832130432	4
349	6	2023-12-30 15:34:24.99	133.10964965820312	0.8676329851150513	0.6191512942314148	2
350	3	2024-03-06 20:05:22.61	70.16388702392578	1.5978162288665771	0.9015159010887146	2
352	1	2022-01-07 14:51:47.36	290.8591613769531	0.5237671732902527	0.6537739634513855	3
353	6	2022-11-22 16:41:25.32	206.8964385986328	1.4548085927963257	0.9095524549484253	5
354	4	2022-02-06 09:46:46.59	173.512451171875	1.9686768054962158	0.5627838373184204	2
355	1	2022-02-24 23:11:13.51	205.12200927734375	0.5290297269821167	0.3952268958091736	4
356	13	2022-01-29 22:12:36.44	175.81057739257812	1.376570463180542	0.5794283151626587	2
357	1	2022-08-06 16:45:12.8	257.5875549316406	0.5663248896598816	0.32140281796455383	4
358	1	2023-02-24 05:11:56.2	55.40990447998047	0.8901304006576538	0.47994452714920044	4
359	3	2022-07-14 22:25:44.14	223.74014282226562	1.1944929361343384	0.5746883153915405	3
360	4	2022-07-16 02:29:43.88	263.8567199707031	0.5599365234375	0.9526084065437317	2
361	6	2022-11-07 03:45:54.19	187.8434600830078	1.8672587871551514	0.5847452282905579	2
362	3	2022-11-28 18:08:03.24	106.00240325927734	1.6373286247253418	0.5300498008728027	4
363	1	2023-05-08 07:52:09.94	289.7535400390625	0.6947889924049377	0.9806097149848938	4
364	7	2022-11-12 06:11:30.57	119.24047088623047	1.5235787630081177	0.33410385251045227	2
365	6	2022-11-14 17:20:28.41	154.45272827148438	0.743574321269989	0.8522069454193115	2
366	1	2022-01-11 14:21:59.13	92.6872329711914	1.267409324645996	0.3095933794975281	3
367	2	2023-01-25 09:45:30.95	157.25469970703125	1.180031657218933	0.46386224031448364	3
368	3	2022-04-22 23:48:05.73	164.7001495361328	1.4414242506027222	0.30132511258125305	5
369	4	2024-02-21 00:23:10.69	267.0775451660156	1.7843674421310425	0.9091452956199646	5
371	6	2022-04-05 12:11:21.38	170.70689392089844	0.6511104702949524	0.635597825050354	3
372	13	2022-12-18 17:29:23.03	76.52125549316406	1.1626384258270264	0.6142703890800476	2
373	3	2023-03-23 14:22:46.45	161.10818481445312	0.7936418652534485	0.8768822550773621	5
374	3	2023-01-09 20:05:03.1	182.0118865966797	1.43485426902771	0.47875189781188965	3
375	7	2023-06-05 07:18:01.99	220.95094299316406	1.795897364616394	0.922577977180481	3
376	13	2024-07-18 00:51:56.42	205.11325073242188	0.8862563371658325	0.9552022814750671	5
377	4	2024-07-07 16:40:26.17	177.5074920654297	0.6613396406173706	0.7978272438049316	5
378	6	2023-11-25 17:06:22.05	129.39523315429688	0.8907820582389832	0.6991561055183411	3
379	3	2024-07-04 00:53:34.01	56.66621017456055	1.2831928730010986	0.7749037146568298	2
380	13	2024-01-04 15:59:54.94	226.0732421875	1.584946870803833	0.3391476571559906	2
381	3	2023-06-01 22:37:28.63	160.07762145996094	1.6429896354675293	0.3963344097137451	5
383	1	2024-05-26 13:08:48.1	142.54135131835938	1.831512689590454	0.651539146900177	5
385	2	2023-07-12 07:54:05.06	172.47763061523438	1.6745774745941162	0.4745035469532013	5
386	13	2024-07-28 22:31:45.62	192.65902709960938	1.90221107006073	0.5064253211021423	5
387	7	2023-11-17 22:52:31.51	100.26425170898438	1.004231572151184	0.6931542754173279	2
390	6	2023-06-29 01:38:44.61	57.375240325927734	1.994903802871704	0.40252241492271423	2
391	2	2022-10-13 09:40:14.72	138.7665252685547	1.4312678575515747	0.57673579454422	4
392	7	2022-01-26 00:12:15.01	221.48770141601562	1.6856769323349	0.6330031752586365	4
394	6	2024-05-24 13:18:59.75	77.07352447509766	1.6646205186843872	0.6988627910614014	5
395	2	2023-08-15 03:35:16.77	268.1258850097656	0.7016009092330933	0.7191564440727234	5
396	1	2022-02-11 16:44:32.3	221.9654998779297	0.9236018657684326	0.6329500079154968	5
397	3	2023-06-08 22:13:11.26	92.58126068115234	1.094462275505066	0.5203737616539001	2
399	13	2023-05-03 02:18:36.45	52.71234893798828	1.8380118608474731	0.9971321821212769	5
400	6	2023-07-29 05:25:43.68	257.9808654785156	0.5972209572792053	0.9891070127487183	5
401	1	2022-05-23 04:32:33.55	239.51889038085938	0.9497285485267639	0.6963207125663757	5
402	7	2024-04-21 07:05:29.27	242.1243438720703	1.7129627466201782	0.606479287147522	4
404	3	2024-02-25 11:46:52.38	247.54200744628906	0.5198889374732971	0.9588951468467712	5
405	4	2023-12-30 05:10:28.65	129.2811737060547	0.5822716951370239	0.4683508574962616	5
407	2	2022-08-20 20:43:59.95	230.9161834716797	1.9925060272216797	0.6666415333747864	3
408	1	2023-04-18 17:30:00.99	79.43494415283203	1.7393627166748047	0.9606122374534607	5
409	6	2022-12-03 20:20:16.13	192.58457946777344	1.9162697792053223	0.4762612283229828	3
410	13	2023-11-09 15:28:19.47	132.59371948242188	1.0341691970825195	0.48701992630958557	5
411	13	2024-02-25 14:48:26.3	164.84832763671875	1.6232836246490479	0.8668504357337952	2
413	6	2022-11-06 21:55:25.87	146.0457305908203	1.2931214570999146	0.7774087190628052	5
414	7	2023-03-03 14:07:04.13	247.382568359375	1.6075241565704346	0.4839138090610504	4
415	6	2023-12-27 01:25:58.36	70.78892517089844	1.1688692569732666	0.5502924919128418	4
416	2	2023-09-23 09:35:11.96	236.89080810546875	0.7158100008964539	0.6860454678535461	5
417	1	2023-10-29 06:35:20.26	248.57009887695312	1.408096432685852	0.4216269552707672	5
418	6	2022-04-16 21:24:43.65	108.19815063476562	0.9984831809997559	0.8482628464698792	4
419	3	2022-05-04 08:01:30.96	141.0879669189453	1.5319716930389404	0.35307440161705017	4
420	2	2023-11-20 11:53:57.61	275.53350830078125	1.2681418657302856	0.7032855153083801	4
421	1	2024-01-02 07:38:57.92	245.17037963867188	1.6297500133514404	0.8785114884376526	2
422	3	2023-01-26 00:48:51.5	278.9921875	1.6769574880599976	0.8313471078872681	3
423	3	2022-03-28 19:08:38.54	250.29229736328125	1.0483554601669312	0.5697987079620361	3
424	7	2024-02-24 10:46:34.54	99.69387817382812	0.689877986907959	0.7351096868515015	2
425	4	2022-07-02 08:28:32.97	200.621337890625	1.355344295501709	0.8878000378608704	2
426	13	2023-03-28 09:30:12.19	277.8383483886719	0.7564842104911804	0.9195308685302734	3
427	3	2023-12-13 18:49:23.16	126.06166076660156	1.1234482526779175	0.6196064352989197	2
429	2	2022-01-05 13:40:17.94	169.5734100341797	1.09282648563385	0.8073391914367676	3
430	7	2022-11-07 23:32:20.68	255.70721435546875	0.8223103284835815	0.7521108388900757	2
431	3	2024-01-09 21:32:06.69	142.13052368164062	1.2370848655700684	0.8958798050880432	4
432	6	2022-12-14 08:21:11.23	262.33074951171875	1.521679401397705	0.7328526973724365	4
434	3	2023-07-22 23:55:59.83	195.48597717285156	0.9732055068016052	0.8088930249214172	3
435	3	2023-09-06 14:40:05.82	82.44865417480469	1.639879822731018	0.7165619134902954	5
436	6	2022-01-22 01:10:42.85	92.2765884399414	1.3206580877304077	0.739329993724823	2
437	7	2022-02-24 08:16:51.11	264.7361755371094	0.6871024966239929	0.8964619636535645	3
438	6	2024-03-11 01:50:01.6	153.5746307373047	1.740554690361023	0.7813217043876648	5
439	7	2023-06-25 00:05:35.94	206.51893615722656	0.8724845051765442	0.5888788104057312	4
440	2	2022-12-27 02:23:01.21	221.93759155273438	1.1623178720474243	0.5404538512229919	4
442	6	2023-12-22 11:08:53.97	200.0757293701172	1.749770998954773	0.4635202884674072	4
443	4	2022-01-10 12:16:42.45	233.03553771972656	1.2176032066345215	0.6574820280075073	5
444	7	2024-03-13 02:47:27.06	296.27349853515625	1.5987598896026611	0.9441233277320862	3
445	4	2023-12-18 06:21:45.98	135.5811309814453	1.0716432332992554	0.5542168617248535	3
446	6	2023-08-03 11:15:45.44	183.2983856201172	1.977982997894287	0.9617733955383301	3
447	13	2022-06-11 20:41:23.14	263.55950927734375	1.919252634048462	0.6974378824234009	4
449	1	2023-09-10 23:34:47.78	56.733558654785156	0.8508478403091431	0.4102255702018738	3
450	2	2023-02-12 03:28:46.01	171.0832061767578	1.4720978736877441	0.9820684194564819	2
451	6	2022-09-27 10:01:57	230.3561248779297	1.4989641904830933	0.34818437695503235	4
452	1	2024-02-24 09:15:04.1	268.4341735839844	0.516879677772522	0.47582152485847473	3
453	7	2023-04-03 02:46:48.78	209.79852294921875	0.6770807504653931	0.977382242679596	4
454	3	2024-08-05 17:18:20.76	207.3510284423828	0.605152428150177	0.5231220126152039	4
455	4	2024-04-02 04:23:34.98	119.75070190429688	1.0623905658721924	0.3111504912376404	2
456	3	2023-07-16 03:39:40.33	299.3958435058594	1.9555721282958984	0.9926508069038391	5
457	7	2022-11-27 02:01:37.38	86.44270324707031	1.0626283884048462	0.4599491357803345	5
458	7	2022-04-12 22:46:39.75	225.03924560546875	0.9016981720924377	0.8884724974632263	5
459	13	2023-12-16 22:33:22.14	236.44070434570312	1.8624308109283447	0.4468322694301605	5
460	6	2022-08-23 13:09:01.22	158.0036163330078	1.2147860527038574	0.34682750701904297	5
461	6	2023-04-06 08:17:14.66	83.18824005126953	1.8299388885498047	0.851484477519989	2
462	2	2022-01-14 17:58:00.48	82.33984375	0.934274435043335	0.4033949673175812	2
463	13	2024-07-16 12:49:10.2	285.47998046875	1.3937815427780151	0.950421929359436	2
464	13	2023-06-12 01:14:32.12	79.94853973388672	1.079052209854126	0.6654382348060608	2
465	1	2023-05-30 23:52:09.61	184.3896026611328	1.5800224542617798	0.45962491631507874	3
466	7	2023-08-02 02:53:55.82	83.3361587524414	1.1496772766113281	0.7785027027130127	5
467	4	2024-02-22 13:54:36.1	192.60145568847656	1.5732871294021606	0.3448961675167084	2
468	6	2024-03-14 11:40:41.01	51.996856689453125	0.6785869598388672	0.4999343454837799	4
469	13	2023-02-09 22:38:24.22	247.76513671875	1.189087152481079	0.9684097766876221	5
470	1	2024-06-03 07:13:02.15	168.383544921875	0.5816861987113953	0.9961785078048706	4
471	1	2024-03-23 09:43:54.54	58.17542266845703	1.8482251167297363	0.8905758261680603	4
473	4	2024-07-24 07:11:09.72	213.3024444580078	0.7764925956726074	0.5322731733322144	3
474	2	2023-02-13 05:34:38.96	272.6514892578125	1.4498757123947144	0.8436874747276306	2
475	2	2024-06-27 14:46:28.79	213.39883422851562	1.4324907064437866	0.42993247509002686	4
476	1	2023-01-29 07:58:44.68	287.4820556640625	1.3646156787872314	0.7452844977378845	5
477	6	2024-07-09 09:47:00.38	215.90481567382812	1.7511001825332642	0.9151206016540527	2
478	7	2022-09-13 12:59:41.14	229.00648498535156	0.5402035117149353	0.35571590065956116	4
479	6	2024-02-15 10:53:15.52	173.98577880859375	1.6153403520584106	0.6299847960472107	4
480	2	2023-08-13 11:53:31.1	56.71165466308594	1.6524319648742676	0.996425449848175	3
481	7	2023-02-28 17:13:12.18	206.29249572753906	1.674039363861084	0.7300737500190735	5
482	3	2023-08-10 01:17:13.04	103.69291687011719	0.8324224948883057	0.7200744152069092	2
483	4	2023-05-19 20:03:45.01	235.6034698486328	1.8139939308166504	0.5877665281295776	5
484	3	2023-08-05 02:19:08.1	77.26180267333984	1.1485645771026611	0.5119937062263489	5
486	3	2024-05-26 03:03:26.71	263.3595275878906	0.6077203154563904	0.8643642663955688	3
487	3	2023-02-23 02:34:14.02	83.2132339477539	0.5973855257034302	0.6932475566864014	5
488	6	2022-01-09 18:39:57.83	102.69601440429688	1.1313799619674683	0.4504839777946472	3
489	7	2024-07-02 09:23:09.83	54.16685485839844	1.763301968574524	0.8089581727981567	5
490	6	2024-07-12 05:18:53	78.5599594116211	1.666580319404602	0.7994521856307983	5
492	6	2023-08-05 02:46:48.02	144.40769958496094	1.9627695083618164	0.6776742339134216	3
493	2	2023-07-29 15:11:33.4	243.77919006347656	1.731148600578308	0.6991410255432129	4
494	1	2023-03-22 17:43:08.51	292.2427673339844	1.5102232694625854	0.33556246757507324	4
496	2	2022-09-07 13:35:50.27	198.3164825439453	1.7169817686080933	0.9778207540512085	5
497	3	2023-09-16 22:39:27.16	158.97381591796875	1.021117091178894	0.5481119751930237	3
498	6	2023-04-17 10:39:27.43	88.06584930419922	0.7518651485443115	0.5989252924919128	2
499	1	2022-06-28 22:42:51.65	66.53785705566406	1.4477382898330688	0.8798957467079163	4
500	7	2024-08-08 18:37:32.23	118.86624908447266	1.0350533723831177	0.9597970843315125	5
502	3	2023-02-09 08:42:10.01	166.31845092773438	0.6921189427375793	0.8631623387336731	3
503	6	2022-11-26 07:16:31.03	169.57681274414062	0.8842303156852722	0.8100895285606384	4
504	2	2022-04-06 06:09:16.41	62.739601135253906	1.4241527318954468	0.9663073420524597	3
505	13	2024-04-24 15:43:04.12	78.30562591552734	0.915786862373352	0.5704569220542908	4
506	1	2022-05-10 08:55:16.99	172.0984649658203	0.7129055261611938	0.38416409492492676	4
508	6	2022-09-26 05:16:16.52	266.5713195800781	1.4434236288070679	0.8304958343505859	4
510	13	2022-09-14 15:39:11.58	125.03785705566406	1.8183048963546753	0.8055611848831177	3
512	3	2023-02-25 02:20:54.94	172.44598388671875	0.6278293132781982	0.6443262696266174	2
513	1	2022-06-18 21:14:38.03	66.54772186279297	1.0727479457855225	0.8713080883026123	5
515	7	2024-06-04 19:32:27.55	270.1255187988281	1.4050894975662231	0.36192038655281067	4
516	2	2022-06-08 03:49:03.75	109.04953002929688	1.7374943494796753	0.3064977526664734	4
517	3	2024-02-11 09:19:15.53	73.5875015258789	0.6683940887451172	0.989955723285675	3
518	13	2024-03-19 15:14:03.57	213.84625244140625	1.740593433380127	0.6981266140937805	4
519	2	2023-10-19 08:44:15.73	204.4754180908203	1.8024718761444092	0.6574621200561523	2
521	6	2024-07-11 22:19:15.96	169.61622619628906	1.0935415029525757	0.6326196789741516	3
522	7	2023-03-15 01:58:57.91	93.75605773925781	1.5285078287124634	0.5633757710456848	3
523	4	2024-04-05 20:42:44.47	140.10169982910156	0.6784075498580933	0.9671612977981567	5
526	3	2022-04-25 10:27:19.02	96.78915405273438	1.2982275485992432	0.3875074088573456	4
528	6	2024-05-23 22:51:35.31	63.30134963989258	0.5625623464584351	0.7223394513130188	5
529	13	2022-07-24 09:49:02.4	289.7621154785156	0.7877435088157654	0.3476264476776123	3
530	7	2022-02-22 20:50:08.72	263.33782958984375	1.2797895669937134	0.41831937432289124	5
531	2	2023-03-27 02:13:10.17	74.48432159423828	0.6018168926239014	0.4550783932209015	3
532	1	2023-10-11 15:31:21.81	131.73196411132812	1.0768953561782837	0.6574370265007019	2
534	2	2024-02-06 03:11:10.73	134.14480590820312	1.9545650482177734	0.5921185612678528	4
536	13	2022-09-14 23:23:51.52	156.11521911621094	1.792228102684021	0.540155827999115	5
538	4	2022-01-22 01:43:29.72	235.08570861816406	0.5722908973693848	0.6529391407966614	5
539	7	2024-01-28 14:28:04.17	76.13228607177734	1.9219858646392822	0.7115347981452942	4
540	2	2022-08-05 06:48:28.88	132.9631805419922	0.8029804825782776	0.4342583119869232	4
542	4	2022-07-04 22:15:20.7	68.27538299560547	1.1985458135604858	0.8168806433677673	2
543	13	2024-01-22 05:05:53.42	109.07640838623047	1.9046376943588257	0.8063546419143677	2
544	4	2023-01-14 11:51:21.99	122.64398193359375	1.19508695602417	0.43075600266456604	4
545	13	2023-01-13 02:11:18	138.65484619140625	0.5475063323974609	0.906323254108429	2
546	1	2023-08-13 03:15:57.11	158.4639129638672	0.6766347885131836	0.8512261509895325	2
547	1	2023-09-19 10:06:00.49	216.81126403808594	0.9782886505126953	0.5273669958114624	2
548	1	2024-08-07 21:56:26.28	211.27511596679688	0.7573655247688293	0.5645579099655151	3
549	6	2022-10-04 09:11:08.04	149.4947967529297	0.7918517589569092	0.30239981412887573	4
550	4	2024-07-26 02:16:11.93	219.78138732910156	0.6090661287307739	0.8579860925674438	2
551	2	2023-08-10 01:31:18.82	245.00497436523438	1.5094696283340454	0.3765467703342438	4
552	2	2022-11-21 23:41:12.92	173.40391540527344	1.9449071884155273	0.9703217148780823	3
553	1	2022-11-25 10:57:05.42	263.22576904296875	1.4051498174667358	0.7977255582809448	2
554	4	2022-05-14 23:57:08.82	134.68397521972656	1.1792196035385132	0.5456869006156921	3
555	13	2022-07-06 09:04:48.86	181.08021545410156	1.3277934789657593	0.5393149852752686	5
557	6	2024-07-01 18:31:21.1	262.7712097167969	1.3574241399765015	0.5739747285842896	4
558	3	2022-08-07 02:48:35.87	56.942344665527344	1.6248199939727783	0.6081107258796692	3
559	6	2024-06-05 23:25:11.84	287.5561218261719	1.8526309728622437	0.6290078163146973	3
560	2	2023-07-02 01:49:57.38	84.35132598876953	1.0257370471954346	0.9057180881500244	2
561	13	2022-05-09 20:30:24.62	273.4696960449219	0.966833770275116	0.9955369830131531	3
562	7	2022-08-17 11:06:23.19	199.0583953857422	1.6581567525863647	0.6360571384429932	2
564	2	2022-11-03 06:24:13.51	237.30804443359375	0.9472362995147705	0.3481709063053131	2
565	7	2022-10-03 21:14:50.71	71.62067413330078	1.4504706859588623	0.8887113332748413	3
566	1	2023-08-02 11:55:07.63	208.70640563964844	0.8579680919647217	0.3182772397994995	3
567	2	2023-05-22 00:23:44.35	107.51091003417969	0.7564979195594788	0.6505521535873413	4
568	3	2024-05-02 17:28:12.54	236.47776794433594	1.4441896677017212	0.7011910676956177	4
569	13	2024-04-25 10:48:10.21	210.5880126953125	0.8760708570480347	0.7604967951774597	4
570	2	2022-08-10 04:24:45.19	100.06742858886719	1.3548691272735596	0.9142151474952698	5
571	7	2023-10-02 15:58:56.3	65.64654541015625	0.7589568495750427	0.7937887907028198	3
572	13	2022-09-14 06:06:17.06	133.69691467285156	1.4736422300338745	0.31860634684562683	2
573	7	2024-02-10 21:36:50.83	261.9756774902344	0.8462664484977722	0.6908838152885437	5
574	4	2023-10-07 11:34:09.67	238.87698364257812	0.8983760476112366	0.36955803632736206	3
575	6	2022-06-04 11:38:25.02	59.84922790527344	1.783469796180725	0.8652429580688477	4
577	4	2023-11-26 17:16:39.15	179.2593231201172	1.918639898300171	0.3270409405231476	5
578	13	2024-05-07 07:14:53.69	251.07040405273438	1.8721531629562378	0.3769496977329254	4
579	3	2023-03-16 21:49:30.9	143.3028106689453	1.6531847715377808	0.9685749411582947	2
580	13	2022-12-07 10:53:39.73	231.56494140625	1.43915593624115	0.7827983498573303	2
581	3	2022-02-11 15:11:32.77	127.06373596191406	1.810279369354248	0.9624757766723633	5
582	4	2023-01-06 22:08:43.5	126.4488525390625	0.5995118021965027	0.8189153075218201	2
583	13	2022-12-30 10:49:25.59	125.49542236328125	1.803009271621704	0.5117795467376709	2
584	1	2024-03-03 17:52:27.4	131.34423828125	0.7144029140472412	0.43201902508735657	2
585	3	2023-04-02 09:06:47.58	190.91107177734375	1.7805496454238892	0.8059628009796143	3
586	3	2024-07-27 19:40:55.03	184.50143432617188	1.6914477348327637	0.4540175199508667	5
587	3	2022-07-25 04:59:04.99	205.6326141357422	1.5626212358474731	0.6474569439888	3
588	1	2024-02-07 21:26:51.19	149.40879821777344	1.3082025051116943	0.9272893667221069	5
589	13	2024-06-12 05:44:15.51	117.53201293945312	1.4008787870407104	0.8468012809753418	5
590	3	2023-09-03 19:21:50.47	262.446044921875	0.944348931312561	0.8712002635002136	2
591	2	2024-07-06 08:29:34.01	263.2772216796875	1.3122243881225586	0.5843479633331299	2
592	3	2022-07-17 09:49:39.42	175.0144805908203	1.1226552724838257	0.7521079778671265	3
593	7	2022-05-06 13:20:46.72	195.19419860839844	0.9145713448524475	0.7840704917907715	4
594	6	2023-08-29 18:25:01.43	77.88018035888672	0.7068859338760376	0.646920919418335	5
595	6	2022-10-07 16:27:00.45	105.9415054321289	1.8767198324203491	0.5119761228561401	5
596	3	2024-02-04 23:53:16.46	162.5548858642578	1.8065272569656372	0.7467740774154663	2
598	4	2024-07-06 20:37:55.57	187.22926330566406	0.9958492517471313	0.37545618414878845	3
599	7	2023-07-18 08:17:29.14	274.1355895996094	1.4028915166854858	0.8096110224723816	3
600	4	2022-05-17 01:35:59.72	50.10769271850586	0.9938098192214966	0.5713215470314026	5
602	1	2022-11-19 15:07:56.43	189.04429626464844	1.8328721523284912	0.8487182855606079	3
603	6	2023-01-24 07:21:49.76	133.13803100585938	1.590674638748169	0.8482595086097717	2
604	2	2023-11-28 19:57:51.43	100.94135284423828	0.5814936757087708	0.3311957120895386	5
606	1	2024-01-25 04:41:27.63	185.66702270507812	0.7797269225120544	0.6397396922111511	5
607	1	2024-04-06 07:55:25.17	279.2404479980469	1.3417187929153442	0.8754161596298218	5
608	6	2022-04-27 11:29:03.3	235.80279541015625	0.7259852290153503	0.7988710999488831	5
609	1	2022-05-29 13:02:46.19	279.2911682128906	1.6663469076156616	0.8824760913848877	3
610	4	2024-01-17 00:28:18.59	222.23062133789062	1.4090348482131958	0.6105840802192688	4
611	4	2024-05-21 05:57:18.92	254.9119415283203	1.4605629444122314	0.3401884138584137	2
612	4	2022-06-09 19:56:25.43	257.7015686035156	1.6566078662872314	0.9323285818099976	4
613	6	2023-05-18 21:11:45.87	82.61267852783203	1.579240322113037	0.5824761986732483	3
614	13	2024-01-11 10:25:52.85	236.9929656982422	1.0225580930709839	0.9088867902755737	3
615	2	2022-08-29 09:37:39.99	214.33993530273438	1.6964364051818848	0.8344334363937378	3
616	2	2022-11-09 16:47:59.64	100.38681030273438	1.2485167980194092	0.8448594212532043	4
617	7	2022-09-28 19:54:27.74	241.5311737060547	1.5418344736099243	0.6492804288864136	2
619	2	2022-07-03 02:06:39.94	245.7556610107422	1.1049013137817383	0.6091193556785583	4
620	6	2023-01-14 20:18:59.51	251.35223388671875	1.9378098249435425	0.4368593394756317	3
621	2	2022-01-09 04:31:16.53	264.51104736328125	0.5711923837661743	0.7607520222663879	2
622	3	2023-09-01 19:58:28.87	108.02284240722656	1.283677577972412	0.7681836485862732	2
623	3	2022-07-13 13:24:05.39	104.43251037597656	1.7324026823043823	0.6692991256713867	4
624	13	2022-02-22 16:01:17.95	173.05874633789062	0.5615047812461853	0.4832959771156311	5
625	4	2023-08-25 09:51:03.46	173.89096069335938	0.5070322751998901	0.8975891470909119	3
626	13	2022-04-14 11:40:40.66	256.84381103515625	1.11497163772583	0.8410879969596863	3
627	2	2023-09-23 07:26:44.13	185.89720153808594	0.7764761447906494	0.6511864066123962	4
628	3	2024-05-16 01:07:13.58	176.46270751953125	1.6440045833587646	0.3219069540500641	4
629	7	2022-12-24 15:37:27.3	97.56504821777344	0.6258485317230225	0.6626484990119934	2
630	3	2023-09-25 02:33:41.47	207.97286987304688	1.5188255310058594	0.5277696847915649	5
631	6	2024-02-28 14:12:32.19	241.06088256835938	1.543511986732483	0.6964728236198425	4
633	2	2024-07-10 10:27:26.88	132.56556701660156	1.7267264127731323	0.9603226780891418	4
634	2	2024-05-28 22:18:53.72	182.33836364746094	0.9632243514060974	0.5109010338783264	3
635	7	2024-04-27 17:23:17.19	276.9939880371094	1.0393177270889282	0.6937610507011414	3
636	2	2023-02-17 23:23:54.95	251.16018676757812	1.6268450021743774	0.5245980024337769	2
637	6	2023-12-07 09:17:12.63	281.2070617675781	0.6953185200691223	0.7558505535125732	5
638	3	2024-06-24 08:46:41.58	167.12258911132812	1.3520913124084473	0.9120076298713684	2
639	4	2022-05-28 12:26:34.29	290.5394592285156	0.5718160271644592	0.8412075042724609	4
640	2	2022-12-10 01:18:24.65	280.4508056640625	1.3245466947555542	0.803212583065033	3
641	2	2023-02-24 20:25:17.06	93.6270980834961	1.5721583366394043	0.8585618138313293	2
642	13	2023-04-08 03:05:11.26	199.84478759765625	1.3246574401855469	0.3453523516654968	5
643	2	2024-07-08 16:45:29.41	114.46456146240234	1.5318659543991089	0.9358027577400208	4
646	1	2022-03-10 05:05:25.64	136.48309326171875	1.6311187744140625	0.4849724769592285	3
647	1	2023-03-21 10:04:04.86	289.3003234863281	0.7594279646873474	0.8657382726669312	5
648	6	2024-02-15 11:38:41.11	73.85943603515625	1.8507232666015625	0.7814505100250244	3
649	4	2024-02-23 02:41:10.09	277.0994567871094	1.014205813407898	0.384308397769928	4
650	4	2024-04-27 13:32:50.07	119.2606201171875	0.8813602328300476	0.9129958748817444	4
652	13	2023-10-17 02:12:25.82	116.12825012207031	1.4904285669326782	0.45659562945365906	4
653	13	2024-06-07 22:48:17.33	159.69674682617188	0.7003031969070435	0.5420424938201904	3
654	7	2024-03-03 22:41:27.11	287.580322265625	1.584406852722168	0.4993123412132263	4
655	1	2023-06-14 09:38:38.95	112.20964813232422	1.17604660987854	0.9023045301437378	3
656	4	2022-08-16 09:13:48.15	190.16275024414062	1.970869779586792	0.9068964123725891	3
657	1	2024-01-17 20:12:28.42	98.916748046875	0.7424765229225159	0.6392787098884583	2
658	7	2023-01-17 21:04:21.86	68.33614349365234	1.2518843412399292	0.33739393949508667	4
659	2	2024-02-20 16:48:14.77	266.53131103515625	1.3548414707183838	0.7155640721321106	2
660	1	2024-03-13 15:24:44.06	113.90202331542969	1.5594406127929688	0.5614362359046936	5
661	3	2022-03-29 23:18:46.47	291.2417297363281	1.1874643564224243	0.5783466696739197	2
662	6	2024-01-04 01:49:37.59	234.32933044433594	1.8989933729171753	0.9247667193412781	3
663	2	2023-11-03 21:39:03.76	135.2450714111328	1.225849986076355	0.8872596621513367	3
664	2	2022-04-21 13:24:15.21	295.0941467285156	0.5735891461372375	0.673305869102478	5
665	3	2023-02-04 08:49:22.22	265.6522521972656	1.619970679283142	0.788338303565979	2
666	6	2024-06-14 21:11:15.15	78.07286834716797	0.7698083519935608	0.7419719696044922	5
667	4	2022-09-13 01:55:33.21	294.0696105957031	0.8550986647605896	0.6232799291610718	2
668	13	2024-02-24 14:26:27.24	178.84327697753906	0.8391377925872803	0.5018580555915833	2
669	3	2023-07-03 18:45:32.97	99.80692291259766	0.6675292253494263	0.7674915790557861	3
671	2	2023-12-22 09:56:32.14	93.53670501708984	1.625354290008545	0.33633941411972046	5
672	3	2022-02-05 12:40:50.46	77.79267120361328	1.2745368480682373	0.31155848503112793	5
674	1	2023-08-18 02:26:39.19	294.533447265625	1.9333915710449219	0.5319100618362427	3
675	7	2023-08-22 09:48:06.71	266.1607360839844	1.5574451684951782	0.7783492803573608	2
676	4	2023-04-22 02:06:12.93	57.01335144042969	1.5275133848190308	0.464110404253006	4
677	7	2022-07-21 02:57:55.81	217.96107482910156	1.7211922407150269	0.31290295720100403	2
678	2	2023-05-06 18:46:30.61	206.12657165527344	1.8639131784439087	0.7988928556442261	2
679	3	2022-08-26 10:25:38.33	84.89895629882812	1.6919912099838257	0.3265872895717621	4
680	1	2024-06-19 16:08:32.17	82.14108276367188	1.0141122341156006	0.8847095370292664	5
681	4	2023-03-26 03:42:41.15	175.62646484375	1.986901044845581	0.6508666276931763	5
682	2	2023-09-12 06:35:02.19	217.35560607910156	1.7566722631454468	0.7000153660774231	5
684	1	2022-05-26 22:13:28.78	139.13943481445312	1.1241995096206665	0.5571123361587524	4
685	2	2024-04-23 02:54:45.57	200.63442993164062	1.8595103025436401	0.3048866093158722	2
686	7	2022-01-25 07:44:21.81	50.834774017333984	1.1201828718185425	0.9614483714103699	2
688	2	2023-12-13 02:09:34.49	232.64125061035156	1.5771028995513916	0.5071017146110535	5
689	1	2023-06-13 13:01:34.13	217.86514282226562	0.9524281620979309	0.37520915269851685	4
690	1	2023-04-16 15:42:30.14	122.32858276367188	1.1365965604782104	0.7854142785072327	3
691	4	2023-05-04 01:45:01.48	266.8232116699219	0.8376067876815796	0.9665904641151428	3
693	6	2023-11-11 13:43:15.96	269.56671142578125	1.9309273958206177	0.6041809320449829	2
694	13	2024-06-26 15:46:54.7	144.48048400878906	1.8740683794021606	0.7671045660972595	2
696	7	2023-04-05 11:09:58.43	202.71786499023438	1.2902350425720215	0.6373497843742371	4
697	1	2023-07-15 06:19:47.1	159.87525939941406	0.6230207085609436	0.9462478756904602	3
698	6	2023-09-11 01:54:37.42	113.02267456054688	0.6369695663452148	0.8743815422058105	4
699	2	2022-09-11 20:16:53.27	136.97950744628906	1.3748589754104614	0.7203766107559204	3
700	3	2023-01-10 16:52:07.4	238.25221252441406	0.6030674576759338	0.7014239430427551	5
701	2	2023-11-13 16:38:14.31	130.21612548828125	0.5967176556587219	0.6707196831703186	4
702	4	2022-04-11 12:15:10.92	297.87786865234375	1.722188949584961	0.7619022130966187	5
703	4	2022-10-10 00:26:19.13	207.2855224609375	1.3724232912063599	0.7172284126281738	2
704	2	2024-02-13 07:34:04.8	140.10433959960938	1.3499319553375244	0.571000874042511	4
705	2	2023-02-03 01:26:43.28	158.9799346923828	0.6970390677452087	0.7205435633659363	4
706	13	2023-05-05 20:14:36.02	70.04917907714844	1.5687516927719116	0.7860289812088013	5
707	6	2022-11-13 02:30:27.17	281.9603271484375	1.7590844631195068	0.7442433834075928	2
708	2	2023-10-29 18:26:22.2	137.24176025390625	1.7394503355026245	0.5998809337615967	5
709	6	2022-05-11 07:34:08.32	114.35372161865234	1.6755956411361694	0.4157409965991974	3
710	4	2023-04-16 03:49:36.54	86.82372283935547	1.5079931020736694	0.8616276979446411	4
711	13	2023-11-20 02:52:45.56	155.4249725341797	1.9239606857299805	0.8885573744773865	3
713	6	2022-11-20 19:05:43.45	156.52978515625	1.5214253664016724	0.7832647562026978	5
714	1	2022-02-24 00:43:48.08	88.70592498779297	1.4735597372055054	0.43660658597946167	3
715	2	2024-02-19 01:27:34.59	92.30449676513672	1.0732967853546143	0.8329134583473206	5
716	3	2023-07-03 22:51:02.02	265.7184753417969	0.9696841835975647	0.7135341167449951	3
717	7	2022-05-17 05:22:08.6	230.61221313476562	0.679072916507721	0.9040988683700562	2
718	6	2024-07-29 23:41:18.23	62.33375930786133	0.6296101212501526	0.31453773379325867	5
720	7	2022-12-26 02:38:23.11	180.4033966064453	1.750340461730957	0.6278747320175171	2
721	2	2022-12-09 11:08:52.49	130.7315216064453	0.8792572021484375	0.41938620805740356	2
722	3	2024-02-25 11:50:21.95	59.86404800415039	0.5849879384040833	0.9421700239181519	3
723	2	2022-08-04 16:30:30.98	150.74703979492188	1.7646721601486206	0.834152340888977	3
724	7	2022-06-19 08:38:13.11	217.65296936035156	1.1328076124191284	0.3899213671684265	4
725	4	2023-11-16 23:37:00.93	191.7489013671875	1.2670421600341797	0.5632950663566589	4
726	7	2022-02-19 12:34:32.52	219.38497924804688	1.296212077140808	0.8354793787002563	2
727	3	2024-06-21 07:17:07.41	86.35986328125	1.8509477376937866	0.7793803811073303	4
728	7	2023-04-25 18:58:53.79	55.523475646972656	0.5405135750770569	0.6616986989974976	2
729	13	2022-04-05 12:49:33.47	208.69921875	1.891976237297058	0.7498093247413635	2
731	2	2023-12-05 03:37:06.72	119.77362823486328	1.3107194900512695	0.3257271945476532	5
732	7	2023-11-16 15:21:33.84	175.63467407226562	1.3922150135040283	0.38140952587127686	2
733	1	2022-08-15 21:39:53.94	220.18319702148438	1.2310149669647217	0.6318510174751282	2
734	3	2022-03-04 09:42:26.38	63.60926055908203	0.8994647860527039	0.6162022352218628	2
735	1	2024-07-26 08:07:47.19	135.08714294433594	1.524826169013977	0.8369041681289673	2
736	13	2023-02-13 07:24:52.96	71.845703125	0.8263161778450012	0.707282543182373	3
737	1	2022-08-12 02:56:01.02	105.72271728515625	1.9630992412567139	0.5054913759231567	4
738	1	2024-05-22 15:47:28.38	115.08270263671875	1.4320698976516724	0.34571170806884766	5
739	2	2023-01-14 18:39:07.77	236.35647583007812	1.0475496053695679	0.8735155463218689	4
740	4	2022-03-14 04:38:50.67	257.1763916015625	1.213065505027771	0.8130010962486267	4
741	3	2022-07-23 07:55:54.79	174.5370330810547	1.7063204050064087	0.5214629173278809	2
742	6	2023-11-07 00:55:29.74	221.7795867919922	1.9069892168045044	0.6236796379089355	5
743	1	2024-05-13 06:28:34.79	104.39733123779297	1.3810266256332397	0.8759425282478333	5
745	13	2023-10-23 21:08:34.57	198.4285888671875	1.952038049697876	0.4168839454650879	3
746	13	2022-02-15 11:26:05.91	136.82281494140625	0.9546400904655457	0.745125949382782	3
747	7	2023-04-26 00:14:55.77	283.253662109375	0.6714086532592773	0.4990460276603699	5
748	3	2022-01-04 19:31:25.83	253.6857452392578	1.3691449165344238	0.48180636763572693	5
749	2	2023-09-19 17:17:10.46	138.35739135742188	1.9058985710144043	0.5580577254295349	2
750	6	2023-04-17 22:56:34.69	130.2797088623047	0.51712566614151	0.7815421223640442	3
751	4	2022-06-23 11:06:27.26	210.04647827148438	1.2658711671829224	0.5891700387001038	4
752	6	2024-07-08 08:57:47.97	194.56199645996094	1.949386477470398	0.8794460296630859	4
753	6	2023-10-06 09:01:36.47	174.4733428955078	1.6867289543151855	0.872578501701355	3
754	6	2022-11-16 23:19:52.9	275.4580383300781	0.5151207447052002	0.5157541036605835	4
756	4	2022-12-30 07:31:41.54	174.66665649414062	0.5020012259483337	0.8601539731025696	3
757	7	2022-11-06 20:37:44.79	181.658935546875	1.7795497179031372	0.8665423393249512	3
758	1	2022-06-21 00:50:10.78	83.10645294189453	1.9237184524536133	0.6802852749824524	2
759	13	2024-01-26 17:22:56.12	75.82747650146484	1.3591256141662598	0.6768940687179565	3
760	3	2024-01-11 00:01:01.56	164.98736572265625	1.1977730989456177	0.6879975199699402	2
762	3	2022-11-06 21:14:07.03	82.63655090332031	1.7602022886276245	0.801515519618988	5
763	3	2022-09-25 13:56:26.39	291.0643310546875	1.8583604097366333	0.6102270483970642	3
764	7	2023-12-02 21:43:33.7	169.39002990722656	1.8197453022003174	0.5035706758499146	5
765	1	2022-05-21 03:40:56.28	133.22178649902344	1.521042823791504	0.7320331335067749	4
766	13	2023-08-24 19:27:37.95	172.77606201171875	1.6383278369903564	0.8995317816734314	3
767	7	2023-12-09 12:57:52.64	190.97039794921875	1.3590447902679443	0.6179672479629517	4
768	2	2022-01-08 11:48:39.74	150.7860870361328	1.4169641733169556	0.9242067933082581	5
769	3	2023-11-15 10:12:34.43	227.09967041015625	1.973637580871582	0.39067742228507996	2
770	3	2022-10-03 17:09:47.21	290.5177001953125	1.8382045030593872	0.9121067523956299	4
771	6	2023-12-11 15:55:05.45	184.4075164794922	0.8707582950592041	0.9176454544067383	5
772	3	2023-12-02 15:28:02.51	70.43013763427734	0.6642535328865051	0.8423864245414734	5
773	1	2022-07-02 01:48:53.9	215.76626586914062	0.8917160630226135	0.742035984992981	3
774	7	2023-12-21 11:14:57.09	62.20294189453125	1.6158933639526367	0.9506158828735352	2
775	6	2023-09-25 08:34:20.37	169.04627990722656	1.6343764066696167	0.4388059973716736	3
777	1	2023-10-10 01:02:14.73	261.97186279296875	1.5603548288345337	0.4207802414894104	5
778	1	2024-06-21 19:48:14.94	277.4580993652344	1.731775164604187	0.7169188261032104	5
779	6	2022-02-13 18:45:30.36	218.24566650390625	1.5205672979354858	0.8987972140312195	2
780	1	2023-10-10 04:28:23.76	90.86380767822266	0.9980674982070923	0.723950207233429	2
781	13	2022-12-10 11:41:44.9	151.6725616455078	1.886613368988037	0.5368231534957886	3
782	3	2023-07-11 09:22:33.89	256.74932861328125	0.7079804539680481	0.9988049864768982	5
783	4	2022-08-16 15:01:39.02	175.45982360839844	1.1508805751800537	0.4359620213508606	2
784	6	2024-05-27 19:03:14.34	160.82664489746094	1.9067795276641846	0.9366180300712585	2
785	7	2022-09-17 18:33:39.71	288.6998596191406	1.144498586654663	0.815981388092041	3
786	4	2023-04-03 03:05:57.65	81.39986419677734	1.4237174987792969	0.5225083827972412	3
787	13	2024-04-12 14:24:26.99	88.78337860107422	1.901265025138855	0.6625707745552063	5
788	3	2023-07-23 14:21:15.23	117.21533203125	1.4729472398757935	0.4652533531188965	3
789	1	2023-12-10 20:48:34.86	88.27861785888672	0.9965647459030151	0.7829782366752625	2
790	7	2023-11-08 16:24:59.59	114.3240966796875	1.586504578590393	0.8219993114471436	5
791	3	2024-01-13 11:03:02.47	203.8533935546875	0.7110990881919861	0.3553043007850647	5
793	1	2022-04-05 04:50:20.88	241.72802734375	1.4519164562225342	0.8781880736351013	3
795	4	2022-10-23 14:10:36.52	193.04293823242188	1.7916010618209839	0.4524320065975189	3
797	1	2023-08-26 10:39:25.49	58.62357711791992	0.6277050375938416	0.6772626042366028	3
798	6	2023-01-06 08:01:47.55	139.65936279296875	1.4294650554656982	0.33534112572669983	2
799	4	2022-11-06 23:56:45.81	124.66847229003906	1.4774901866912842	0.7930641174316406	5
801	13	2024-06-21 05:31:30.1	154.4498291015625	1.1605912446975708	0.9376490712165833	5
802	2	2022-04-21 19:57:38.29	163.3306121826172	1.0549402236938477	0.3837480843067169	4
804	2	2022-06-15 20:32:13.44	146.69093322753906	1.3142775297164917	0.8914392590522766	4
806	3	2024-06-30 06:13:02.78	244.37185668945312	1.786696195602417	0.6107875108718872	5
807	13	2022-11-05 10:54:29.99	269.2787780761719	0.7124494314193726	0.7167893052101135	4
808	7	2023-05-13 13:22:09.24	252.22964477539062	1.7053872346878052	0.5584476590156555	5
809	1	2023-12-27 23:45:03.48	275.7041015625	1.9044686555862427	0.9111019372940063	5
810	13	2023-06-04 21:25:54.1	256.9458312988281	1.187272071838379	0.6530018448829651	5
811	2	2023-12-27 05:23:00.41	256.0704040527344	1.0666320323944092	0.46596699953079224	4
812	6	2023-09-19 04:32:27.81	242.64590454101562	1.220259189605713	0.6501327157020569	3
813	13	2022-08-26 02:21:11.14	82.9725570678711	0.5528708100318909	0.9373878240585327	5
814	7	2022-04-09 17:48:14.64	195.0265655517578	1.79176926612854	0.3189524710178375	4
815	4	2023-04-30 08:54:23.38	90.25956726074219	1.2087992429733276	0.9744855761528015	2
816	2	2023-11-12 09:58:53.73	268.4464111328125	1.4187431335449219	0.9298582077026367	3
817	3	2023-03-21 02:06:30.21	84.46407318115234	1.2050209045410156	0.7939466834068298	4
818	1	2023-02-22 00:07:41.35	107.50236511230469	1.5279953479766846	0.8250225782394409	2
819	7	2022-04-11 01:32:36.12	209.43218994140625	0.6243340969085693	0.5548174381256104	3
820	13	2022-09-09 02:21:17.74	68.7529525756836	1.4810528755187988	0.6305036544799805	3
821	4	2023-01-21 05:51:35.07	271.8425598144531	0.8902194499969482	0.5342293977737427	4
823	3	2024-04-29 04:07:23.97	292.6947021484375	1.9336103200912476	0.5591779947280884	3
824	6	2022-02-18 18:02:36.54	230.8074493408203	1.8701053857803345	0.4653472304344177	2
825	6	2022-09-29 02:25:23.83	79.6722183227539	0.721920371055603	0.32777491211891174	2
826	7	2023-07-10 09:09:49.7	60.02784729003906	0.6402868032455444	0.49408355355262756	5
828	6	2024-06-16 00:46:14.94	178.88905334472656	1.3458805084228516	0.5578483939170837	3
829	2	2024-05-21 04:42:09.56	103.09242248535156	0.8312666416168213	0.48927247524261475	5
830	2	2024-04-15 13:15:23.66	257.6781921386719	0.6811137199401855	0.4414258897304535	4
831	7	2024-03-22 01:26:07.45	244.4125518798828	0.6250216960906982	0.7429825067520142	4
832	1	2022-12-06 11:41:33.39	88.17376708984375	1.7486448287963867	0.4920136034488678	3
833	3	2023-07-28 05:15:36.09	203.69300842285156	1.8077408075332642	0.44145339727401733	3
834	6	2023-12-22 05:21:04.66	259.1388854980469	1.811460018157959	0.6873348355293274	2
835	2	2022-12-13 02:09:28.49	141.21470642089844	1.9241362810134888	0.49431002140045166	5
836	7	2022-11-19 01:37:23.39	149.00613403320312	1.4264575242996216	0.6036160588264465	3
837	7	2022-03-10 23:12:24.18	264.1649475097656	0.6801886558532715	0.6063648462295532	4
838	3	2024-07-17 00:38:37.5	109.80477142333984	0.7453527450561523	0.8514164686203003	5
839	1	2024-07-17 09:14:28.58	288.49822998046875	1.30779230594635	0.8238803744316101	3
840	4	2024-02-10 02:29:13.71	284.0707092285156	1.1012370586395264	0.8107773661613464	3
841	3	2022-06-09 17:37:13.76	242.7793731689453	1.00734281539917	0.5161962509155273	4
842	6	2022-06-01 14:39:47.96	188.43495178222656	1.6770648956298828	0.3966788053512573	4
844	2	2022-10-29 07:30:34.4	205.62823486328125	1.6048129796981812	0.9275280237197876	2
846	6	2023-03-24 16:03:01.05	255.5680694580078	1.0998746156692505	0.9912684559822083	3
847	13	2022-06-09 21:49:52.45	237.7906951904297	1.6351139545440674	0.3881251811981201	2
848	1	2023-12-18 10:23:43.71	54.6016845703125	1.99020516872406	0.42106401920318604	3
849	13	2022-06-20 15:36:00.39	179.87130737304688	1.3759511709213257	0.6703056693077087	4
850	1	2022-04-12 04:44:00.87	164.94493103027344	0.7468634843826294	0.8435951471328735	5
851	6	2024-03-17 16:58:29.13	166.28575134277344	1.1097002029418945	0.5109093189239502	3
852	4	2024-03-21 05:54:03.39	161.94859313964844	0.8025512099266052	0.8499800562858582	4
853	3	2022-06-30 11:08:56.47	112.85363006591797	1.1361442804336548	0.989707350730896	2
854	4	2023-10-11 06:04:12.23	148.7630157470703	0.5984276533126831	0.4059242308139801	2
855	6	2023-06-07 02:43:40.3	120.96244812011719	1.3725420236587524	0.7081513404846191	4
856	1	2022-04-17 19:09:47.07	225.19451904296875	0.9224172830581665	0.6052578687667847	5
857	6	2023-01-22 09:33:11.73	50.04649353027344	0.6952055096626282	0.6082025170326233	3
858	13	2022-01-13 01:31:14.58	204.9521942138672	0.9768280982971191	0.7206687927246094	3
859	2	2023-07-10 15:41:52.36	65.48053741455078	1.4300885200500488	0.5349788665771484	4
860	4	2023-10-13 23:15:54.5	287.7087097167969	1.0612223148345947	0.5678200721740723	2
861	13	2024-07-19 14:03:27.11	235.0607147216797	1.6373443603515625	0.4243818521499634	2
862	1	2024-02-23 06:22:51.29	60.451316833496094	1.9081388711929321	0.32304635643959045	2
863	6	2023-10-14 17:49:29.27	267.3823547363281	1.5977615118026733	0.34231212735176086	5
865	4	2024-03-01 01:30:58.42	203.41534423828125	0.5669824481010437	0.9460971355438232	4
866	13	2022-12-23 04:07:19.85	265.7436828613281	1.529091477394104	0.3729555606842041	4
867	3	2024-01-01 05:38:35.36	73.30531311035156	0.597138524055481	0.5069828033447266	5
868	4	2022-03-25 22:44:35.96	296.36322021484375	0.8240849375724792	0.4755416214466095	5
869	4	2022-08-06 03:46:49.25	94.42741394042969	1.6194195747375488	0.7789425253868103	5
870	2	2022-06-04 20:47:27.63	271.2826843261719	1.422415018081665	0.6962499618530273	5
871	2	2024-01-02 10:26:24.77	62.82858657836914	0.9140609502792358	0.9547781348228455	2
872	4	2022-03-10 19:55:26.54	171.3818359375	1.9873638153076172	0.4232805073261261	3
873	3	2023-02-07 23:58:18.32	183.42852783203125	1.195249080657959	0.507332444190979	5
874	7	2023-09-04 18:34:47.56	229.5216827392578	0.664819061756134	0.5999387502670288	4
875	1	2023-05-28 04:02:02.53	57.91676712036133	1.2862725257873535	0.6223090887069702	3
876	2	2022-05-26 00:14:23.78	197.6544647216797	0.8377763628959656	0.939166247844696	5
879	2	2023-07-08 10:38:18.09	225.9973907470703	1.7504397630691528	0.30833858251571655	4
880	3	2023-07-06 04:57:24.83	76.09579467773438	0.5668947100639343	0.4422679543495178	2
881	2	2022-04-20 19:15:57.17	73.54796600341797	1.3398557901382446	0.44005483388900757	2
882	2	2022-08-17 08:24:01.63	210.50123596191406	1.069124698638916	0.6642225980758667	4
883	7	2024-07-04 08:10:18.2	222.93325805664062	1.786259651184082	0.7765756845474243	4
884	2	2023-04-03 04:48:24.08	160.43768310546875	1.9609453678131104	0.3580092787742615	4
885	6	2022-10-18 10:27:45.64	146.15744018554688	0.5601593255996704	0.36833104491233826	5
887	7	2024-02-28 18:40:37.15	160.4418487548828	1.8332244157791138	0.9013270139694214	5
888	4	2023-09-23 06:07:02.14	203.3423309326172	1.5995430946350098	0.36431780457496643	4
889	2	2022-11-01 10:28:23.09	252.0071258544922	1.176559329032898	0.6155346632003784	2
890	4	2023-12-14 18:07:09.88	142.73709106445312	1.1133434772491455	0.5947265625	4
891	1	2024-06-10 22:36:08.04	263.8707580566406	1.734376311302185	0.9927826523780823	3
892	7	2022-01-21 18:58:28.5	278.0536193847656	1.434079885482788	0.30235186219215393	2
893	4	2022-12-27 02:27:08.8	110.9908218383789	0.7901248335838318	0.623878002166748	3
895	6	2024-05-17 04:24:01.23	213.17074584960938	1.7466301918029785	0.38692665100097656	2
896	6	2023-08-24 00:32:40.28	286.3456115722656	1.8226081132888794	0.6568448543548584	3
897	3	2022-07-03 20:13:07.35	135.92645263671875	1.2934974431991577	0.966076672077179	4
898	6	2023-07-21 14:11:56.43	129.25515747070312	1.7633092403411865	0.3785558044910431	5
899	13	2022-12-06 05:38:27.87	83.75946807861328	1.733031153678894	0.7418781518936157	4
900	4	2024-01-09 19:40:58.49	259.6838684082031	1.4587515592575073	0.9819881319999695	2
901	1	2024-01-21 13:18:28.02	261.59466552734375	0.8408541679382324	0.3590673804283142	4
902	7	2024-05-26 05:44:19.83	101.3487777709961	1.8869191408157349	0.8181253671646118	2
903	6	2023-03-18 18:09:40.42	193.86114501953125	0.5416850447654724	0.5340512990951538	3
906	3	2022-09-20 18:32:14.78	163.12417602539062	1.7931057214736938	0.7163317799568176	3
907	3	2023-05-03 07:04:55.37	285.74359130859375	1.3845758438110352	0.6048451662063599	5
908	1	2023-09-20 03:53:03.42	193.9470977783203	1.2153937816619873	0.6752094030380249	2
910	4	2023-04-21 19:18:01.97	251.39866638183594	1.4268182516098022	0.42762982845306396	5
911	6	2022-12-15 19:07:37	227.81881713867188	1.828264594078064	0.8369778990745544	2
912	6	2024-03-16 12:31:06.9	89.07388305664062	1.1600068807601929	0.8609864115715027	2
913	7	2023-03-07 09:54:00.58	254.28463745117188	0.6070611476898193	0.8515070080757141	5
914	3	2024-03-17 08:06:44.18	278.1239013671875	1.3672242164611816	0.7475417256355286	2
915	6	2024-03-29 12:22:03.81	152.8297119140625	1.1788296699523926	0.5945123434066772	3
919	13	2022-08-12 16:02:52.94	184.6566162109375	0.9975143074989319	0.6955158710479736	4
920	3	2023-05-24 05:13:52.05	269.0502014160156	1.106282114982605	0.47109007835388184	4
921	3	2022-08-06 14:59:34.76	295.76220703125	0.6941437721252441	0.5742861032485962	5
922	1	2023-04-24 04:58:18.9	88.61680603027344	1.2760562896728516	0.33805495500564575	4
923	3	2023-12-10 08:51:12.1	121.40117645263672	1.2889667749404907	0.842751145362854	2
924	13	2022-02-03 04:12:37.73	207.0293426513672	1.1725010871887207	0.31620243191719055	3
925	2	2022-06-09 00:29:21.17	64.30852508544922	1.9528056383132935	0.6807329654693604	3
926	13	2022-02-02 17:06:25.29	270.2401123046875	0.9225612878799438	0.7240291833877563	5
927	2	2023-10-26 14:12:51.51	249.71450805664062	0.9916913509368896	0.5132545232772827	4
928	4	2024-04-26 12:39:01.11	104.56985473632812	1.5010294914245605	0.9229950308799744	4
929	6	2022-01-02 16:37:43.86	255.91586303710938	0.8494121432304382	0.5761146545410156	5
930	6	2023-06-25 21:54:06.94	57.28199005126953	1.7390567064285278	0.738313615322113	4
931	4	2022-02-27 17:39:44.68	192.19288635253906	0.7530524730682373	0.3507108986377716	2
933	3	2023-01-28 11:07:55.73	118.08477020263672	1.085569977760315	0.8188159465789795	2
934	4	2024-02-06 04:40:42.85	168.0868682861328	0.7762064933776855	0.5368233323097229	5
935	13	2022-12-05 05:25:25.93	166.767333984375	0.7220269441604614	0.9229212999343872	5
936	1	2023-06-27 23:38:54.4	248.1065673828125	0.7419021129608154	0.44453638792037964	4
937	2	2022-11-03 12:38:14.22	152.17845153808594	1.0188498497009277	0.8454873561859131	3
938	13	2023-05-01 14:42:05.71	164.54354858398438	0.6606301665306091	0.5402133464813232	5
939	13	2024-06-22 05:41:30.41	148.8866729736328	1.1078695058822632	0.7756139039993286	2
940	4	2024-01-25 05:25:18.52	94.39777374267578	0.8631691336631775	0.6981099843978882	4
942	6	2024-01-18 05:08:11.71	134.1868896484375	1.6649667024612427	0.963405966758728	4
943	3	2022-06-27 03:59:14.82	273.9068908691406	1.202393889427185	0.9101714491844177	3
944	7	2023-05-22 22:31:33.9	224.0237579345703	1.0973634719848633	0.3250107169151306	2
946	6	2022-09-11 17:50:31.72	72.77539825439453	1.441737413406372	0.7355828881263733	2
947	2	2023-02-24 19:29:41.77	271.2320251464844	1.5493582487106323	0.8445215821266174	4
949	2	2023-09-13 08:28:29.41	235.82313537597656	1.1214468479156494	0.883184015750885	2
950	4	2022-04-18 14:33:19.98	89.59330749511719	1.1401798725128174	0.362047404050827	3
952	1	2022-11-05 09:53:49.6	231.9221649169922	1.4525796175003052	0.5266249179840088	5
954	4	2023-09-03 00:42:09.73	73.70552825927734	1.0685696601867676	0.7148019075393677	5
955	3	2024-05-19 06:35:32.95	257.4543762207031	1.7935032844543457	0.4082886874675751	4
957	6	2022-06-08 14:40:38.79	222.16702270507812	0.9237648248672485	0.40360400080680847	2
958	1	2023-12-15 06:10:32.18	85.67279052734375	1.7769365310668945	0.8863442540168762	4
959	4	2023-03-07 01:31:22.34	266.1458740234375	0.6118850708007812	0.9082728028297424	5
960	2	2022-09-20 09:28:54.07	230.79624938964844	1.3859871625900269	0.7792460918426514	5
961	3	2022-02-17 16:48:59.88	249.312255859375	1.8510329723358154	0.6789349317550659	5
962	4	2022-11-18 16:06:47.75	137.75439453125	1.6649075746536255	0.5185298919677734	5
963	1	2023-10-18 07:44:22.73	139.47557067871094	0.775409460067749	0.9451881051063538	2
964	1	2023-02-22 08:29:29.93	86.96061706542969	0.9124283790588379	0.47719553112983704	4
965	6	2022-11-23 22:21:11.93	113.34319305419922	1.262269377708435	0.43046292662620544	3
966	1	2023-06-29 00:41:08.21	171.1953582763672	1.440214991569519	0.4308542311191559	5
967	3	2024-07-11 05:45:20.26	240.81002807617188	0.9751977920532227	0.3345763087272644	3
968	7	2022-03-05 08:19:47.07	59.62516784667969	1.3602120876312256	0.422731876373291	4
969	2	2024-03-19 10:09:50.06	281.9245910644531	1.335340142250061	0.48723065853118896	2
971	4	2023-02-27 02:26:53.71	243.99667358398438	0.5230237245559692	0.8619882464408875	3
973	6	2023-12-13 22:36:26.5	235.8913116455078	1.2496039867401123	0.5273725986480713	3
974	7	2024-06-18 15:12:39.05	198.00318908691406	0.501164436340332	0.909737229347229	4
975	2	2023-12-01 01:13:29.22	221.776611328125	1.513545036315918	0.3714277446269989	5
977	1	2023-10-25 18:44:55.6	226.1529083251953	0.6932458281517029	0.7169024348258972	2
978	3	2023-02-22 18:02:58.46	268.78729248046875	1.3353484869003296	0.8976205587387085	4
979	1	2022-12-11 07:17:46.62	125.87078094482422	1.6878868341445923	0.9571077823638916	3
980	6	2022-03-30 17:32:06.91	229.14776611328125	1.904594898223877	0.9325976967811584	4
981	2	2022-11-07 08:08:21.32	71.345947265625	1.7598025798797607	0.40385738015174866	4
982	2	2024-04-29 09:31:19.45	156.71604919433594	1.704044222831726	0.4994814991950989	5
983	4	2022-05-15 01:57:36.05	208.26095581054688	1.0719788074493408	0.5203036069869995	3
984	1	2023-02-24 06:02:47.42	276.8169250488281	1.9816776514053345	0.8245863318443298	3
985	7	2024-07-03 06:33:32.36	211.07826232910156	0.9735161662101746	0.7430134415626526	2
986	4	2024-06-20 22:56:07.1	115.35856628417969	1.1413880586624146	0.9670413732528687	4
987	7	2023-05-06 03:41:50.79	113.50755310058594	1.6184046268463135	0.4064539670944214	2
988	2	2023-01-23 10:13:15.31	284.4027099609375	1.2217562198638916	0.3401245176792145	2
989	1	2024-03-06 21:22:19.32	146.17681884765625	1.9145841598510742	0.3834265172481537	2
990	6	2024-02-16 18:53:16.21	129.39561462402344	1.1225405931472778	0.928187370300293	3
992	2	2023-11-10 20:28:29.25	221.8074951171875	1.9833565950393677	0.38681894540786743	4
993	6	2024-05-04 17:22:01.38	99.29092407226562	1.0421934127807617	0.5609477162361145	5
994	3	2023-08-07 22:39:22.87	255.80731201171875	1.9275050163269043	0.6403651237487793	5
996	3	2023-01-29 06:28:37.95	160.26718139648438	1.3526332378387451	0.7988908886909485	3
997	4	2024-06-06 11:27:11.95	188.07794189453125	0.887931764125824	0.7198494076728821	5
998	2	2022-04-09 16:29:54.2	113.66947937011719	0.643452525138855	0.637930154800415	3
999	13	2023-08-17 17:57:49.56	284.3061828613281	1.2058185338974	0.8476824164390564	3
1001	13	2024-02-28 08:48:49.82	58.14329528808594	1.865679383277893	0.5486325025558472	4
1002	6	2023-12-16 08:55:39.55	253.62782287597656	0.9743662476539612	0.4635653495788574	2
1004	13	2024-07-21 22:56:36.04	217.79527282714844	1.1297833919525146	0.7220274806022644	4
1005	6	2022-10-02 12:43:23.04	153.58230590820312	1.093866229057312	0.5150176882743835	3
1007	13	2023-03-20 14:30:29.59	231.83531188964844	0.8418839573860168	0.8263735175132751	5
1008	7	2024-01-17 16:38:56.77	284.9196472167969	1.8263788223266602	0.5713242888450623	3
1009	7	2024-07-06 00:04:42.19	230.3541717529297	1.054327130317688	0.7377146482467651	2
1010	13	2023-05-25 10:01:05.55	195.38755798339844	1.927781581878662	0.9000734686851501	5
1011	3	2023-05-16 05:19:05.49	215.31674194335938	1.7993496656417847	0.7696131467819214	4
1012	2	2024-03-10 23:40:56.2	203.69410705566406	1.7231537103652954	0.5719545483589172	3
1013	3	2022-03-29 01:19:21.55	59.54542541503906	1.6527564525604248	0.7364980578422546	4
1014	1	2022-05-03 17:27:00.66	140.09410095214844	1.7349002361297607	0.6436678171157837	5
1015	7	2024-01-27 20:50:11.24	231.32357788085938	0.9186462759971619	0.4316146671772003	5
1016	6	2023-07-27 01:37:54.7	254.07212829589844	1.1424031257629395	0.8477712273597717	5
1017	6	2024-07-17 01:11:00.53	297.6717834472656	0.513149619102478	0.4618057310581207	2
1018	1	2023-09-25 02:23:20.99	153.48391723632812	1.809493899345398	0.31884267926216125	3
1019	4	2022-01-09 08:38:51.51	195.824951171875	0.6141530871391296	0.7779825925827026	4
1020	1	2022-06-27 03:47:40.62	200.92391967773438	1.6116464138031006	0.8911783695220947	4
1021	3	2023-04-07 20:54:04.7	109.580810546875	1.6747545003890991	0.3312646448612213	2
1022	13	2023-03-10 21:31:25.13	132.7040252685547	1.1449189186096191	0.7468852996826172	5
1023	7	2024-01-23 10:16:29.79	195.78164672851562	0.6875112652778625	0.47673875093460083	3
1026	7	2022-06-06 13:16:07.59	122.97344207763672	1.9932783842086792	0.5560650825500488	5
1027	3	2022-02-05 01:49:04.11	178.3369598388672	1.624285101890564	0.5668091177940369	5
1028	7	2023-06-18 08:34:15.38	166.06834411621094	1.3932222127914429	0.8511165380477905	2
1029	1	2023-01-25 05:41:53.96	129.24989318847656	1.416629433631897	0.44345101714134216	3
1030	6	2023-02-11 22:58:26.64	173.37745666503906	1.7630218267440796	0.42797037959098816	5
1031	6	2022-08-03 10:31:04.85	83.3238296508789	0.82541823387146	0.8983579277992249	5
1032	1	2023-06-06 04:18:33	245.00755310058594	1.0903674364089966	0.865208625793457	4
1033	2	2022-05-18 18:22:13.05	120.61528778076172	1.929123878479004	0.7307372093200684	5
1034	6	2024-01-18 23:53:27	106.0157241821289	1.9246571063995361	0.8327295780181885	2
1035	6	2024-04-12 16:03:45.28	130.8482666015625	1.0945919752120972	0.42554888129234314	5
1037	13	2024-04-26 21:38:53.6	107.94656372070312	0.5991811156272888	0.44251468777656555	3
1038	13	2022-11-29 12:12:13.43	157.38461303710938	1.581508755683899	0.5965287685394287	2
1039	4	2023-02-07 12:01:42.23	294.28924560546875	1.3331947326660156	0.47748449444770813	5
1040	13	2023-05-22 13:30:05.27	119.74839782714844	0.6473193764686584	0.8829517364501953	3
1041	2	2023-10-22 10:50:29.4	285.8143310546875	0.5995857119560242	0.9637759923934937	5
1042	2	2024-01-27 21:21:44.58	177.694091796875	1.1217817068099976	0.85721355676651	2
1043	1	2023-04-03 01:32:29.43	282.3986511230469	1.1722434759140015	0.5440448522567749	4
1044	7	2024-06-04 21:30:24.36	261.68304443359375	0.7782556414604187	0.5394143462181091	2
1045	13	2024-07-05 12:46:44.74	165.59671020507812	1.6709580421447754	0.9177640676498413	3
1046	13	2022-02-16 09:37:16.02	110.2478256225586	0.9134737849235535	0.7958401441574097	2
1047	3	2023-11-15 11:31:27.42	237.64080810546875	1.1330281496047974	0.9946122169494629	5
1048	6	2023-10-20 00:33:46.39	149.2348175048828	0.7782134413719177	0.3767952620983124	3
1049	1	2023-12-11 01:59:58.29	264.4984436035156	1.5978838205337524	0.37914353609085083	5
1050	6	2022-10-03 17:47:14.83	276.3422546386719	0.8703212141990662	0.5543305277824402	5
1051	6	2023-11-20 21:10:17.5	75.61891174316406	1.3721017837524414	0.7249131798744202	4
1052	4	2022-08-06 13:23:28.07	50.163848876953125	0.8653957843780518	0.7253109812736511	4
1053	7	2024-04-17 17:32:26.06	293.9957580566406	0.9246494174003601	0.7312189936637878	3
1054	6	2023-10-13 01:54:34.83	146.35299682617188	1.7824922800064087	0.3094896376132965	5
1055	2	2023-08-15 02:56:16.04	133.10366821289062	1.1965420246124268	0.6576147675514221	4
1058	1	2023-02-27 12:20:25.39	154.814697265625	1.9577105045318604	0.7261733412742615	4
1059	4	2022-04-11 19:31:35.37	80.79841613769531	0.6945701837539673	0.7175899147987366	5
1060	7	2022-07-09 07:44:31.47	298.9888916015625	1.5888707637786865	0.844658374786377	4
1062	3	2022-06-08 12:01:52.87	160.6072998046875	1.3724544048309326	0.5026103854179382	5
1063	1	2022-05-14 07:06:41.92	157.23419189453125	0.7196639776229858	0.332752525806427	3
1064	2	2023-12-25 02:24:41.75	187.80859375	0.6034036874771118	0.334517240524292	5
1065	1	2022-02-12 07:33:59.36	105.34589385986328	1.435666799545288	0.673251748085022	3
1066	7	2023-09-29 19:27:27.99	199.17922973632812	1.0136334896087646	0.6268932223320007	4
1067	13	2023-05-16 18:13:15.15	147.3423309326172	1.8722496032714844	0.9149072170257568	3
1068	6	2022-02-27 05:26:24.18	110.33284759521484	1.853967547416687	0.4306500554084778	5
1069	6	2022-11-28 22:42:15.31	235.5596160888672	1.997870683670044	0.7728538513183594	2
1070	2	2022-06-01 17:51:29.3	188.650634765625	0.593713641166687	0.8262839913368225	2
1071	1	2024-02-02 16:50:33.3	120.92891693115234	1.5244641304016113	0.4753950536251068	5
1072	13	2022-06-01 04:48:03.76	171.7199249267578	0.5694020986557007	0.3209688067436218	5
1074	1	2023-10-27 13:45:48.06	138.8366241455078	0.6666420102119446	0.41920486092567444	3
1076	3	2022-09-25 00:02:13.7	98.08439636230469	1.4193421602249146	0.7472268342971802	5
1077	3	2023-03-08 09:46:54.47	110.2567138671875	1.4999734163284302	0.8501963019371033	5
1078	7	2024-01-09 13:16:45.03	290.5273742675781	0.6299442648887634	0.6726750731468201	2
1079	13	2022-03-11 16:48:14.28	298.33135986328125	1.5857876539230347	0.8733423352241516	3
1080	6	2022-04-18 05:31:42.61	280.19012451171875	0.6156816482543945	0.7898531556129456	5
1083	6	2023-01-03 06:29:31.9	247.94952392578125	1.00350821018219	0.549401044845581	4
1084	1	2022-06-03 00:05:41.29	292.2450866699219	0.8933939337730408	0.3937307596206665	3
1085	4	2023-06-11 00:53:01.8	258.8043212890625	0.9534637331962585	0.8807738423347473	2
1086	6	2022-12-29 16:21:14.95	142.18612670898438	0.8307039737701416	0.7436118721961975	3
1087	1	2023-08-03 08:23:46.44	97.68798065185547	1.9756138324737549	0.5193341374397278	3
1090	4	2022-02-25 13:22:05.17	189.87789916992188	1.3832449913024902	0.9027222394943237	5
1091	6	2024-04-10 18:53:03.44	141.7258758544922	0.7980644702911377	0.6347203850746155	3
1093	3	2023-06-26 23:46:24.85	111.6280288696289	1.0053547620773315	0.5977065563201904	3
1094	3	2023-05-25 12:16:35.76	85.10694885253906	1.4431966543197632	0.6059662103652954	5
1095	4	2022-01-30 02:22:56.2	229.6132354736328	1.6490755081176758	0.6517677307128906	2
1096	3	2022-11-02 21:36:25.86	272.99542236328125	0.6991300582885742	0.33695030212402344	5
1097	4	2023-04-12 07:17:30.34	76.08649444580078	1.9234851598739624	0.44835931062698364	4
1098	13	2023-02-09 23:48:58.59	183.5697784423828	1.671012043952942	0.7223068475723267	3
1099	2	2022-04-21 00:37:52.54	68.9935531616211	0.5646107196807861	0.9278839826583862	5
1100	1	2022-02-07 03:44:38.23	269.7388000488281	1.9501951932907104	0.7429473400115967	5
1101	13	2023-10-17 14:07:50.23	84.20355224609375	0.7437436580657959	0.3426450490951538	2
1102	7	2022-10-07 10:49:39.81	161.4168701171875	1.7828882932662964	0.6017864942550659	4
1104	3	2024-02-21 00:35:27.97	277.8814697265625	1.71378493309021	0.5579643249511719	3
1105	1	2023-06-15 22:55:38.55	168.03089904785156	1.137294054031372	0.6760798096656799	3
1106	3	2024-02-22 01:19:31.42	107.2606201171875	1.292985439300537	0.7924677133560181	5
1108	7	2022-05-03 07:43:36.15	208.08563232421875	1.6202001571655273	0.5451276302337646	4
1109	2	2023-06-09 20:50:42.6	260.625732421875	1.5672321319580078	0.3463709056377411	3
1111	13	2022-01-16 11:15:24.59	205.4763641357422	0.9095122218132019	0.9755484461784363	2
1112	2	2024-03-25 17:13:30.11	218.8514404296875	1.5240416526794434	0.3687472343444824	3
1113	2	2023-08-24 03:38:30.1	209.22296142578125	0.580295979976654	0.8053552508354187	2
1114	2	2023-09-19 05:32:19.59	194.42469787597656	1.5890910625457764	0.8619657158851624	4
1115	7	2022-12-06 17:03:27.25	275.9179382324219	1.6680119037628174	0.510625958442688	2
1117	3	2022-11-02 10:28:38.39	165.0637664794922	0.754809558391571	0.8016027808189392	5
1118	7	2023-01-06 19:53:23.19	207.78131103515625	1.3204355239868164	0.9974896311759949	4
1119	13	2024-02-01 09:36:42.66	283.74432373046875	1.484147071838379	0.8542343378067017	2
1120	1	2023-10-17 12:43:52.2	115.58751678466797	1.8294481039047241	0.6988745927810669	4
1121	13	2022-03-12 05:31:14.59	168.37831115722656	1.0428805351257324	0.4268757700920105	2
1122	3	2024-04-03 14:53:35.58	103.18414306640625	1.6573286056518555	0.35887980461120605	3
1123	13	2024-07-06 12:03:14.98	95.91543579101562	1.9999529123306274	0.9718025922775269	4
1124	13	2023-07-13 02:27:33.14	243.85531616210938	1.6118775606155396	0.45593976974487305	4
1125	3	2023-05-12 03:57:02.79	156.42596435546875	1.5586203336715698	0.593195915222168	4
1126	1	2023-04-04 14:18:28.19	136.3604736328125	1.1030247211456299	0.7586429715156555	3
1127	1	2024-06-24 16:49:45.4	151.44569396972656	1.2128196954727173	0.6575140953063965	2
1129	6	2022-12-15 13:11:57.53	116.19322967529297	1.338744044303894	0.6332359910011292	2
1130	7	2023-02-07 03:27:14.89	283.7087707519531	0.5950345396995544	0.8441100716590881	3
1131	3	2024-06-20 18:50:57.74	222.8047332763672	1.654766321182251	0.892871618270874	4
1133	1	2023-12-01 17:33:40.05	166.89576721191406	1.880111575126648	0.5028995871543884	3
1134	1	2024-02-02 17:33:33.17	224.61892700195312	1.2083162069320679	0.9986377954483032	3
1135	1	2024-02-11 02:46:30.47	169.8488006591797	0.5464339256286621	0.8015793561935425	2
1136	13	2023-07-03 13:39:47.78	209.19976806640625	0.6498110294342041	0.9765819907188416	5
1138	3	2024-03-05 15:12:32.56	196.1316680908203	1.5482215881347656	0.6868271827697754	2
1139	2	2022-02-22 07:06:32.99	243.1116485595703	0.5012575387954712	0.35380521416664124	5
1140	6	2023-11-19 19:58:58.88	55.292823791503906	0.5982632637023926	0.6418530344963074	2
1141	7	2022-02-25 23:28:18.81	115.55976104736328	0.5789811015129089	0.4324638843536377	5
1142	1	2022-03-19 23:33:43.16	94.19185638427734	1.6078448295593262	0.9574611783027649	4
1143	2	2023-06-10 01:49:16.11	296.0548400878906	1.8887537717819214	0.5813179612159729	3
1145	4	2022-06-01 01:48:46.91	58.3731689453125	1.8558018207550049	0.8048757314682007	3
1146	4	2022-04-28 18:34:06.74	261.22430419921875	1.933059811592102	0.9232613444328308	2
1150	7	2023-11-16 19:14:06.96	298.2052307128906	0.9235116243362427	0.33925896883010864	2
1151	2	2024-04-07 12:39:28.73	242.37680053710938	0.9841367602348328	0.4941360354423523	4
1152	4	2023-02-14 16:28:19.71	167.94509887695312	0.9361065030097961	0.850482165813446	4
1153	4	2023-11-29 07:33:11.39	215.7913818359375	0.5406259894371033	0.9835993051528931	2
1154	1	2023-07-14 17:53:08.24	273.0203552246094	0.6074032187461853	0.5237475633621216	3
1156	6	2022-10-07 22:44:36.39	258.56597900390625	0.8792973756790161	0.4362214207649231	5
1157	1	2022-02-08 23:52:44.16	50.090911865234375	0.8986860513687134	0.6629722714424133	2
1158	2	2023-01-07 01:06:40.58	237.19427490234375	1.0794808864593506	0.49825891852378845	5
1159	13	2023-07-18 03:58:15.79	285.5215759277344	1.3964722156524658	0.5735744833946228	4
1160	3	2024-03-10 19:28:30.48	252.40994262695312	1.6710094213485718	0.9615120887756348	5
1161	13	2023-08-09 15:46:11.76	175.69784545898438	1.7837584018707275	0.951537549495697	2
1162	3	2023-04-30 13:25:20.8	267.2706298828125	1.202757716178894	0.4514315724372864	3
1163	1	2022-04-30 18:50:45.56	224.40997314453125	1.7191154956817627	0.36814579367637634	5
1164	2	2022-02-17 12:09:10.79	178.189697265625	0.9427239298820496	0.9243495464324951	2
1165	4	2022-08-21 03:01:53.91	93.29581451416016	1.0297510623931885	0.5520337224006653	2
1166	1	2022-09-10 18:07:21.95	290.3079833984375	1.2459449768066406	0.5682299137115479	2
1167	2	2022-10-29 20:23:49.48	136.7342987060547	0.9960261583328247	0.5464885234832764	2
1168	3	2023-01-18 04:05:40.1	199.8268280029297	1.6584627628326416	0.304592490196228	2
1170	4	2023-09-24 06:23:14.87	277.7464599609375	1.0373592376708984	0.7352961301803589	3
1171	1	2024-03-09 13:44:43.97	199.94308471679688	1.6056710481643677	0.7416785359382629	2
1172	4	2024-05-28 17:38:40.31	199.49986267089844	1.8099039793014526	0.37642136216163635	4
1174	6	2023-08-03 15:36:36.1	131.6259307861328	1.3704029321670532	0.5376198887825012	2
1175	2	2022-07-03 05:47:13.96	288.84765625	0.5641576647758484	0.34720003604888916	2
1176	3	2022-02-21 05:14:01.68	124.38973236083984	1.141300916671753	0.6839255094528198	2
1177	2	2023-02-16 08:10:42.2	251.50390625	0.8687486052513123	0.45914730429649353	5
1178	13	2022-01-06 13:50:20.58	185.04039001464844	1.0864306688308716	0.8705767393112183	4
1181	13	2024-06-09 16:57:09.15	219.109619140625	0.7288311719894409	0.8247801065444946	4
1182	3	2023-09-06 08:22:52.16	141.8624725341797	0.8765100836753845	0.9840856194496155	2
1183	4	2023-01-13 09:14:49.23	242.3943634033203	0.591109573841095	0.323016494512558	4
1184	3	2022-12-15 10:44:45.46	294.76898193359375	1.412003993988037	0.7366675138473511	4
1185	7	2022-10-22 22:09:48.58	144.0300750732422	1.0686160326004028	0.6379305720329285	5
1187	7	2022-03-03 22:07:49.08	276.2231140136719	1.9389748573303223	0.5796393752098083	2
1188	3	2023-02-08 10:15:55.94	161.01971435546875	1.1408672332763672	0.3295513391494751	5
1189	13	2023-05-11 10:27:34.67	255.57412719726562	0.869890570640564	0.7081858515739441	5
1190	6	2023-12-30 12:25:41.16	70.83840942382812	0.6601811051368713	0.44602900743484497	2
1191	7	2022-10-11 22:17:42.04	193.75526428222656	0.9288585782051086	0.8255184292793274	4
1193	7	2024-06-13 01:27:23.87	209.731201171875	0.978786051273346	0.7686747908592224	5
1194	7	2022-12-09 13:27:25.17	293.5811462402344	0.5331667065620422	0.4079194664955139	3
1195	13	2023-12-21 00:37:00.14	162.08473205566406	1.2059073448181152	0.8888148665428162	3
1196	4	2022-02-16 02:35:15.55	70.65583038330078	1.0062825679779053	0.3158976435661316	5
1197	1	2023-12-28 17:32:03.38	287.24188232421875	0.7585099339485168	0.7933971881866455	3
1198	1	2023-06-12 12:48:29	128.24594116210938	1.0987613201141357	0.5333222150802612	5
1199	13	2023-12-28 21:22:12.93	110.6827163696289	1.2117849588394165	0.6106504797935486	5
1200	1	2022-08-29 09:12:01.22	293.5674743652344	1.217210292816162	0.5470153093338013	4
1201	7	2022-06-14 02:29:45.47	199.73280334472656	1.9622963666915894	0.7378989458084106	5
1203	4	2024-04-01 15:18:39.81	200.20883178710938	0.6057665944099426	0.6059847474098206	4
1204	7	2022-06-27 23:13:38.69	295.71856689453125	0.813535213470459	0.6874878406524658	4
1206	7	2022-09-27 14:21:59.3	289.93646240234375	0.8488677144050598	0.9092960953712463	3
1207	3	2023-10-05 04:20:11.61	130.28622436523438	1.4828709363937378	0.6183542013168335	5
1208	13	2024-07-24 02:18:47.98	56.921875	0.8061864376068115	0.6613617539405823	3
1209	3	2023-05-30 16:32:43.45	117.15376281738281	1.7621562480926514	0.4971665143966675	5
1210	13	2024-02-08 18:47:31.13	190.87173461914062	1.000363826751709	0.6104836463928223	5
1212	2	2023-05-26 17:06:58.76	232.03114318847656	1.0116546154022217	0.5497495532035828	4
1213	7	2022-05-01 01:16:58.38	278.3167419433594	1.174332618713379	0.5330536961555481	3
1214	6	2022-12-11 17:59:59.84	184.95167541503906	1.017930269241333	0.4779687523841858	5
1216	3	2023-12-23 23:36:39.3	109.39070892333984	1.1057640314102173	0.36798080801963806	5
1217	1	2023-01-23 13:09:07.93	102.85164642333984	1.6434829235076904	0.6851024627685547	2
1218	7	2024-01-29 06:43:01.59	104.09019470214844	1.493316888809204	0.5834911465644836	3
1219	4	2023-08-25 19:15:42.62	177.58462524414062	1.130056381225586	0.8487522006034851	2
1220	3	2023-10-20 16:36:42.16	122.60877990722656	1.0519633293151855	0.6346884369850159	3
1221	2	2022-03-15 20:01:46.11	86.07634735107422	1.1274667978286743	0.4162634313106537	2
1223	13	2023-05-03 20:42:48.33	90.78170776367188	1.208383560180664	0.9060600996017456	5
1224	3	2024-04-27 03:33:34.78	246.42596435546875	1.9115370512008667	0.5252707600593567	2
1225	3	2023-09-25 18:45:23.89	285.66290283203125	1.059651494026184	0.9725562930107117	5
1226	13	2022-11-17 13:09:43.72	98.16695404052734	1.528479814529419	0.962240993976593	5
1228	13	2022-11-01 22:16:26.89	127.187744140625	1.1342251300811768	0.7980257868766785	3
1229	3	2024-08-07 05:22:59.93	224.01914978027344	1.1286578178405762	0.44523561000823975	5
1230	2	2022-04-15 12:06:14.9	174.28680419921875	1.54049551486969	0.4161572754383087	2
1231	3	2024-03-04 20:08:47.56	107.14506530761719	1.909841537475586	0.8107749819755554	3
1232	1	2023-09-09 00:03:32.45	183.70709228515625	0.8069607615470886	0.5983619689941406	5
1233	4	2022-07-04 03:37:25.24	81.81826782226562	1.0555599927902222	0.6418591737747192	2
1234	3	2023-10-13 06:37:30.42	60.74365997314453	1.0030399560928345	0.3785901367664337	5
1235	13	2023-02-16 14:04:18.04	235.39427185058594	1.7313734292984009	0.7984731197357178	4
1236	4	2022-03-25 10:10:25.52	50.66458511352539	1.0996956825256348	0.8190218806266785	3
1238	2	2022-05-08 04:53:12.81	149.1962432861328	0.554705798625946	0.8931309580802917	2
1239	3	2024-02-25 13:22:35.18	197.60260009765625	1.6807241439819336	0.9285783171653748	3
1240	2	2023-02-23 09:08:22.38	91.10417938232422	1.1146713495254517	0.39814493060112	2
1241	7	2023-08-08 04:08:07.19	223.4627685546875	1.5288867950439453	0.9883372187614441	4
1242	13	2023-01-04 23:16:17.73	240.732666015625	1.5912152528762817	0.38594475388526917	5
1243	4	2023-07-09 18:21:56.93	118.23379516601562	0.6708198189735413	0.7769102454185486	5
1244	13	2023-01-06 14:52:36.5	100.33248901367188	1.7740719318389893	0.35220199823379517	5
1245	13	2023-11-11 13:16:45.45	57.63701248168945	1.8572198152542114	0.3326259255409241	3
1247	2	2023-08-30 21:21:34.72	53.05878829956055	1.063880205154419	0.3984997868537903	4
1248	7	2022-04-05 04:01:09.26	91.5893783569336	1.215040683746338	0.6369156241416931	5
1249	3	2022-06-30 15:51:49.28	155.42750549316406	1.797360897064209	0.7715904712677002	3
1250	13	2023-12-04 18:56:52.86	153.85032653808594	0.8881602883338928	0.6700114011764526	4
1255	13	2024-04-26 11:05:35.25	254.83389282226562	1.3437291383743286	0.9644947648048401	4
1256	1	2022-03-25 23:01:58	263.1081237792969	1.2926260232925415	0.642859697341919	3
1257	4	2024-03-14 12:19:59.44	265.3898620605469	1.4438378810882568	0.4701295495033264	2
1258	13	2022-01-09 02:58:09.3	138.49728393554688	1.9912165403366089	0.5394444465637207	3
1259	3	2022-12-05 09:11:53.55	90.58924102783203	1.7258927822113037	0.5867013335227966	5
1260	2	2023-08-17 12:38:45.85	175.78842163085938	0.8295684456825256	0.6081297993659973	4
1261	13	2022-03-26 07:54:39.34	190.0154571533203	0.7318150401115417	0.6918673515319824	3
1262	2	2023-07-02 16:59:54.16	221.3891143798828	1.388997197151184	0.8824189901351929	5
1263	7	2022-01-04 07:30:29.07	279.47601318359375	1.497389316558838	0.6108325123786926	5
1264	4	2023-08-28 18:11:35.07	123.66380310058594	1.372597575187683	0.864842414855957	3
1265	2	2022-11-14 00:13:35.19	121.5877456665039	0.9058733582496643	0.7081483006477356	2
1266	13	2024-04-22 01:50:28.92	259.8868103027344	1.9799771308898926	0.8201552629470825	2
1267	3	2024-02-13 13:41:46.17	234.3450927734375	1.0710525512695312	0.6001338958740234	5
1268	7	2024-05-01 07:34:30.27	284.8075866699219	0.5986880660057068	0.7623076438903809	3
1269	7	2023-08-12 02:56:32.64	174.84153747558594	1.30238938331604	0.5590947270393372	5
1270	3	2022-01-15 01:09:17.89	105.89393615722656	1.6734895706176758	0.6085236668586731	3
1271	13	2022-01-03 17:36:49.71	106.54845428466797	1.8187662363052368	0.45022010803222656	5
1272	2	2023-02-24 18:50:54.67	138.27317810058594	1.481421709060669	0.7234949469566345	4
1273	3	2024-03-23 04:05:00.86	271.7454528808594	1.329594612121582	0.6861516833305359	3
1274	1	2023-10-03 03:46:01.8	236.06820678710938	1.8704267740249634	0.8769221305847168	5
1275	3	2022-08-04 06:10:06.78	252.50035095214844	1.6890931129455566	0.7361937761306763	2
1276	4	2024-05-03 22:54:34.58	75.95897674560547	1.2912466526031494	0.553703248500824	3
1277	4	2022-09-26 00:08:56.5	184.4517364501953	0.5791904926300049	0.6612975001335144	3
1279	4	2022-11-29 10:25:18.72	292.43896484375	1.2407056093215942	0.6632920503616333	5
1280	1	2023-08-24 18:44:32.47	204.4110565185547	0.851308286190033	0.5957427620887756	5
1282	3	2023-08-19 21:20:04.34	104.32329559326172	0.8665279746055603	0.8114297986030579	2
1285	1	2022-10-12 15:32:24.21	218.9012908935547	0.8919917345046997	0.4129714071750641	2
1286	4	2024-04-15 03:55:31.25	235.31512451171875	1.7526851892471313	0.8711962699890137	3
1287	7	2024-02-07 18:32:46.16	69.85003662109375	0.6018229126930237	0.45075416564941406	5
1288	4	2023-01-02 14:26:57.01	161.94186401367188	1.4624699354171753	0.9979586005210876	4
1289	13	2023-07-07 21:18:34.5	227.78378295898438	1.1925021409988403	0.3982093334197998	2
1290	7	2023-10-05 21:26:14.87	295.47381591796875	0.7103959918022156	0.4566161334514618	5
1291	6	2022-02-11 11:12:33.03	230.76524353027344	0.976665198802948	0.5263659954071045	3
1293	3	2023-07-08 12:19:54.97	248.26483154296875	1.5361971855163574	0.6419276595115662	5
1294	7	2022-07-05 11:44:37.06	147.56503295898438	1.0014517307281494	0.6768244504928589	4
1295	3	2023-07-02 20:04:11.93	264.0075988769531	0.6450372934341431	0.9166611433029175	2
1296	2	2022-03-03 22:22:52.7	171.01368713378906	1.0353981256484985	0.7408879995346069	3
1297	2	2023-05-22 04:02:44.52	199.28746032714844	0.5013376474380493	0.75428307056427	5
1298	1	2023-01-21 22:23:36.35	235.38760375976562	1.7858211994171143	0.38276752829551697	2
1299	13	2024-03-18 04:35:12.08	55.10139083862305	1.6298627853393555	0.8456501364707947	4
1300	13	2024-02-07 01:49:44.14	87.46345520019531	1.130236029624939	0.9989790320396423	3
1301	7	2023-10-20 00:08:40.53	238.18115234375	0.8465687036514282	0.5383651852607727	2
1303	1	2023-04-30 01:36:30.09	218.97523498535156	1.71853506565094	0.5940688848495483	3
1304	6	2023-05-20 09:49:02.87	298.2882080078125	1.588585376739502	0.6554953455924988	5
1305	1	2023-11-04 22:23:37.36	262.2219543457031	1.5200245380401611	0.7207404971122742	5
1306	2	2022-08-22 07:49:19.32	216.04931640625	1.659216284751892	0.6706109046936035	2
1307	2	2023-03-27 09:53:12.7	208.0560302734375	1.7325516939163208	0.9627972841262817	3
1308	7	2024-07-19 03:59:38.71	252.7287139892578	1.5504599809646606	0.9231313467025757	3
1309	1	2023-11-25 14:16:46.74	124.50167846679688	1.7679433822631836	0.7457240223884583	4
1310	1	2023-06-05 20:34:20.69	289.6407470703125	1.6836007833480835	0.7704639434814453	4
1312	6	2023-05-02 23:38:07.56	242.59727478027344	0.5423445105552673	0.9706521034240723	5
1313	3	2023-08-29 16:41:15.29	244.5386962890625	1.3211734294891357	0.39846378564834595	2
1314	1	2023-05-10 20:56:34.93	249.33934020996094	1.648241639137268	0.5760056376457214	4
1315	7	2023-11-14 03:12:43.75	284.43701171875	0.7468963265419006	0.3910411298274994	5
1316	3	2023-03-21 08:15:17.51	147.84942626953125	1.4329415559768677	0.7424130439758301	4
1318	3	2022-11-18 00:19:37.09	159.83172607421875	1.6000720262527466	0.3835861086845398	3
1319	1	2022-09-18 06:36:22.09	256.784912109375	0.7314088344573975	0.5615777373313904	3
1320	1	2023-04-30 00:52:28	99.89346313476562	0.6823381185531616	0.9646501541137695	5
1321	7	2023-11-06 21:12:43.86	129.48350524902344	1.5627083778381348	0.7596362233161926	4
1322	4	2023-04-17 22:56:23.51	229.9446258544922	0.5995980501174927	0.9407133460044861	2
1323	1	2024-03-22 15:38:33.58	236.57228088378906	1.4838142395019531	0.7386139035224915	3
1325	2	2024-01-15 02:17:54.01	81.6299057006836	1.8138715028762817	0.44960924983024597	3
1326	1	2022-06-21 05:26:41.6	294.0428466796875	0.8161398768424988	0.6963250637054443	3
1327	6	2023-04-02 08:37:00.21	188.63880920410156	0.9915881752967834	0.5897784233093262	2
1329	1	2022-06-19 19:27:09.68	257.7431945800781	1.1508290767669678	0.4586513936519623	2
1330	3	2023-10-26 01:38:02.35	61.3505744934082	1.4266457557678223	0.4103231728076935	4
1331	7	2024-05-25 04:29:08.41	227.9107208251953	0.9968342185020447	0.6098421812057495	5
1332	13	2022-05-17 07:16:26.9	264.982666015625	1.7276750802993774	0.8958101272583008	4
1333	13	2022-09-20 05:16:49.95	243.50259399414062	0.9476286768913269	0.9796851873397827	2
1334	3	2024-08-02 04:03:12.81	64.29557037353516	1.743501901626587	0.5589974522590637	4
1335	6	2024-06-03 02:23:15.97	152.2862548828125	1.0926698446273804	0.6862733364105225	3
1336	4	2023-11-30 07:53:28.78	137.2044219970703	0.9261594414710999	0.8988481760025024	2
1337	1	2023-02-04 05:29:30.63	268.97174072265625	1.461330771446228	0.800190269947052	4
1338	6	2024-02-28 13:31:05.83	79.94815826416016	1.1920859813690186	0.44631922245025635	5
1339	3	2022-10-25 19:10:38.76	106.10404205322266	1.9287642240524292	0.46319708228111267	3
1340	4	2024-03-27 22:23:25.85	135.6586151123047	0.5660841464996338	0.5827388167381287	4
1341	2	2024-03-09 00:10:52.2	198.10076904296875	1.925230860710144	0.7805454730987549	4
1342	6	2023-06-21 07:28:33.44	267.2812805175781	0.5781065225601196	0.30012255907058716	2
1343	2	2022-09-18 12:31:47.94	187.22047424316406	1.1327747106552124	0.9430567026138306	2
1344	13	2022-11-14 23:03:27.09	105.3970947265625	0.7001399993896484	0.6088945269584656	5
1345	4	2023-10-05 09:27:35.2	71.3163833618164	1.9799346923828125	0.7770599126815796	3
1346	1	2023-08-01 00:28:36.7	230.96791076660156	1.3487896919250488	0.5795751810073853	5
1347	7	2022-03-24 10:31:07.32	234.15127563476562	0.9510498046875	0.870703399181366	5
1348	2	2024-05-28 03:04:17.62	73.82577514648438	1.9780635833740234	0.5514026880264282	4
1349	1	2023-11-08 13:32:12.11	106.90752410888672	1.8638075590133667	0.8199811577796936	3
1350	1	2022-09-22 05:49:52.4	220.8671417236328	1.6267359256744385	0.6711308360099792	3
1351	13	2023-08-06 03:14:03.5	203.76368713378906	0.5056095719337463	0.522536039352417	4
1352	13	2022-02-24 13:27:10.01	158.2655029296875	1.291400671005249	0.559887707233429	4
1353	3	2022-06-26 17:59:29.43	149.13111877441406	1.3006609678268433	0.9108228087425232	3
1354	4	2024-04-06 20:13:51.82	187.55401611328125	1.5479704141616821	0.6983475089073181	5
1355	7	2022-03-20 15:03:50.51	133.79344177246094	1.813140630722046	0.4372459948062897	5
1356	4	2024-07-07 04:49:01.88	297.9737854003906	0.8432799577713013	0.8928494453430176	3
1357	2	2024-01-16 13:34:43.63	153.44122314453125	1.9880568981170654	0.903071403503418	3
1359	1	2022-09-09 10:23:58.02	123.71263885498047	1.5316309928894043	0.813406765460968	5
1360	1	2024-05-08 06:58:05.26	172.1570587158203	1.6855623722076416	0.8201627135276794	3
1361	3	2022-01-04 04:23:11.27	100.952392578125	0.5755283832550049	0.5200769305229187	4
1362	6	2023-04-18 04:32:49.86	219.4026641845703	0.8837494850158691	0.36405491828918457	4
1363	3	2022-07-26 06:52:48.8	209.9073944091797	1.1593513488769531	0.3554203510284424	5
1364	3	2022-02-25 03:29:05.26	204.42642211914062	1.7791345119476318	0.7213230729103088	2
1365	13	2023-02-27 11:26:32.98	114.13076782226562	1.0681390762329102	0.3609514534473419	3
1366	6	2023-09-24 00:09:14.38	51.38294982910156	1.5078777074813843	0.4122636914253235	4
1367	3	2023-06-06 05:31:34.56	241.32479858398438	1.996496558189392	0.36804383993148804	2
1368	6	2023-02-07 05:08:25.21	186.71751403808594	0.6522753238677979	0.7897495031356812	5
1369	6	2023-12-26 02:09:47.71	83.93618774414062	0.8426332473754883	0.527803361415863	2
1370	2	2024-04-18 07:36:14.16	206.2608184814453	1.7744629383087158	0.5369475483894348	5
1371	1	2022-06-17 05:30:22.16	66.6633529663086	1.4343899488449097	0.7235135436058044	3
1373	4	2023-04-16 06:29:40.24	50.25153350830078	0.575602114200592	0.9165661931037903	5
1375	1	2022-07-08 18:09:03.29	67.86595153808594	1.3583048582077026	0.9305099248886108	2
1376	4	2022-06-10 06:09:34.74	232.54762268066406	0.9676418900489807	0.8667276501655579	2
1377	1	2022-04-13 17:42:33.28	148.1013641357422	1.9884523153305054	0.40200480818748474	3
1378	7	2022-07-09 19:33:08.51	140.5916290283203	1.733154296875	0.7174317240715027	4
1379	7	2022-11-10 07:50:58.71	231.60397338867188	1.148086667060852	0.38105663657188416	4
1380	1	2023-11-10 17:54:51.92	173.13357543945312	1.749312400817871	0.5230432152748108	4
1381	2	2022-08-22 03:48:45.04	218.28282165527344	1.6149362325668335	0.5376652479171753	2
1382	6	2024-04-18 08:32:34.73	92.13359832763672	1.4995625019073486	0.7868754863739014	4
1383	6	2022-11-27 05:36:21.12	111.20252227783203	1.3296427726745605	0.9630584120750427	5
1384	3	2022-06-14 10:16:06.1	64.00730895996094	1.0440361499786377	0.827936589717865	2
1385	13	2022-12-13 17:29:11.9	153.00173950195312	1.549572229385376	0.5281865000724792	4
1386	1	2022-07-19 03:42:42.67	271.88970947265625	0.8119650483131409	0.7169787883758545	5
1387	13	2023-11-04 22:17:04.1	185.5976104736328	0.7651283740997314	0.6517245769500732	4
1389	1	2024-01-25 09:29:59.74	115.8218002319336	1.0025372505187988	0.9942510724067688	2
1390	3	2022-06-12 05:20:07.24	186.08079528808594	0.6850496530532837	0.7323393225669861	5
1391	1	2022-07-28 00:22:48.38	149.77870178222656	1.1021203994750977	0.834997296333313	2
1392	1	2022-07-02 07:18:40.51	101.57318878173828	1.332194209098816	0.8036332130432129	2
1395	1	2022-08-24 14:05:27.86	111.88492584228516	1.6316534280776978	0.6984051465988159	2
1396	2	2023-04-23 05:15:16.14	261.0000915527344	0.7069632411003113	0.6386831998825073	2
1397	3	2023-12-01 04:21:59.75	134.21359252929688	1.562000036239624	0.6764953136444092	4
1398	4	2022-05-12 23:29:41.93	296.4682312011719	0.8495403528213501	0.6733054518699646	4
1399	7	2023-04-12 03:28:26.89	110.81390380859375	0.9070760011672974	0.5484274625778198	2
1400	7	2023-02-07 07:21:43.59	92.11270141601562	1.8734713792800903	0.5006577372550964	5
1401	2	2024-01-12 07:49:04.18	68.98600006103516	1.9853529930114746	0.36033517122268677	4
1402	3	2022-05-22 08:43:52.64	78.81826782226562	1.2899949550628662	0.9333228468894958	2
1403	1	2023-05-14 11:01:51.24	158.04563903808594	0.9426094889640808	0.8650349974632263	5
1404	2	2022-10-26 07:39:28.51	196.86062622070312	1.1770755052566528	0.3593636751174927	4
1405	2	2023-02-14 15:59:46.56	160.2803192138672	1.2615607976913452	0.4992603361606598	5
1406	1	2023-03-19 23:47:15.03	217.95538330078125	1.054965615272522	0.584636390209198	4
1407	2	2024-03-08 17:07:07.63	195.51097106933594	1.0123387575149536	0.9009513258934021	3
1408	2	2023-12-07 16:35:49.76	190.26902770996094	1.828310489654541	0.3901766240596771	2
1410	3	2023-06-20 19:32:42.84	135.9588165283203	0.9291709661483765	0.5773289203643799	2
1411	13	2022-03-13 01:09:35.61	108.37464904785156	0.902717649936676	0.8907392024993896	4
1412	3	2022-05-22 20:54:46.9	103.45980834960938	0.7624297142028809	0.5772602558135986	3
1413	1	2023-07-28 13:45:10.05	201.58624267578125	1.6682820320129395	0.6067505478858948	5
1414	2	2023-11-13 15:27:04.22	289.5592956542969	1.3915873765945435	0.9485740661621094	3
1415	1	2022-08-22 08:31:30.07	74.8839340209961	1.28269624710083	0.8751650452613831	5
1416	6	2023-01-20 16:49:41.61	277.5964660644531	1.5776891708374023	0.7564426064491272	2
1418	6	2022-02-01 18:26:28.24	75.40007781982422	1.067439079284668	0.8146740794181824	5
1421	7	2022-10-24 09:15:45.75	55.25694274902344	0.6878792643547058	0.5884290337562561	3
1422	13	2023-03-28 02:32:14.57	207.64137268066406	1.756417989730835	0.47346198558807373	5
1423	6	2022-03-14 19:47:45.58	240.0284423828125	0.8312783241271973	0.5710402727127075	5
1424	3	2024-03-28 10:55:05.4	280.2184143066406	1.7091935873031616	0.9953490495681763	2
1425	3	2023-11-26 14:32:57.93	94.16059875488281	1.5694845914840698	0.8934860825538635	2
1427	3	2023-04-09 08:17:48.78	134.36538696289062	1.4811118841171265	0.3353564143180847	5
1428	2	2023-02-07 13:37:49.88	211.19668579101562	1.8375070095062256	0.3926197290420532	4
1430	6	2023-05-28 22:09:47.55	174.67636108398438	0.8397220969200134	0.5307431817054749	4
1432	13	2022-03-11 19:36:47.72	233.81625366210938	1.440833330154419	0.598014771938324	3
1433	7	2023-09-02 06:21:35.1	102.31381225585938	1.5308127403259277	0.6680441498756409	3
1434	13	2023-08-29 22:14:25.2	169.798828125	1.7579944133758545	0.8278926014900208	4
1436	6	2023-12-27 02:55:15.44	292.3005676269531	1.6569992303848267	0.4618616998195648	3
1437	3	2023-07-24 22:14:50.88	99.23878479003906	0.9638455510139465	0.5689292550086975	5
1438	1	2023-06-25 02:28:16.75	156.69740295410156	0.5361567139625549	0.8933883309364319	3
1439	7	2023-02-20 21:28:49.14	114.68281555175781	1.971117377281189	0.8563463687896729	5
1440	4	2023-11-12 16:41:06.95	281.7449645996094	1.7885416746139526	0.31600138545036316	4
1441	3	2023-03-21 23:31:41.78	127.90221405029297	1.3222947120666504	0.6011833548545837	4
1442	2	2022-07-21 18:33:14.8	266.7573547363281	0.6726118922233582	0.38570159673690796	2
1443	2	2023-06-29 06:21:23.89	111.05058288574219	1.737471342086792	0.45560598373413086	2
1444	6	2022-10-15 15:33:06.25	73.49629211425781	0.7245116829872131	0.42802274227142334	4
1445	4	2022-04-10 20:40:54.21	69.29257202148438	1.0563037395477295	0.48022928833961487	2
1446	1	2022-06-06 11:21:44.55	271.1117858886719	0.810289204120636	0.6089601516723633	4
1447	6	2023-02-23 20:20:39.99	118.7938003540039	0.8854823112487793	0.6713324785232544	2
1448	3	2022-08-27 01:51:50.21	53.9680290222168	1.7181625366210938	0.7076302170753479	2
1450	6	2022-06-20 06:57:42.35	290.0897216796875	1.104575753211975	0.9367534518241882	2
1451	6	2023-07-24 05:35:32.12	114.63264465332031	1.7123461961746216	0.9750574827194214	2
1453	2	2023-04-27 05:26:59.21	135.61361694335938	1.9548475742340088	0.6971566677093506	2
1454	13	2023-05-18 10:40:11.32	255.9754638671875	1.823431372642517	0.37856507301330566	3
1455	1	2023-03-10 12:28:53.7	208.91342163085938	0.9490556120872498	0.7341997027397156	5
1456	2	2023-10-30 13:04:20.44	145.45143127441406	1.9314135313034058	0.5101345777511597	3
1458	2	2022-01-22 11:58:25.14	160.11788940429688	1.9268444776535034	0.6724742650985718	4
1459	2	2023-01-12 01:20:56.87	109.29447937011719	1.1720824241638184	0.5354413986206055	5
1460	3	2022-11-19 00:41:16.04	179.0705108642578	1.293640375137329	0.5655865669250488	4
1461	6	2023-03-21 07:37:30.25	77.74273681640625	0.5019369721412659	0.8907300233840942	4
1462	13	2022-07-01 19:38:39.51	299.41552734375	1.2973719835281372	0.4646134674549103	3
1463	13	2023-01-03 07:53:07.26	120.24210357666016	1.3644921779632568	0.4436483383178711	2
1464	4	2024-07-16 10:07:58.46	82.97750091552734	0.7944416403770447	0.575232207775116	5
1465	2	2022-04-24 20:15:55.88	191.25848388671875	0.9787747859954834	0.5331612229347229	5
1466	4	2024-03-06 12:43:45.73	87.18260192871094	0.5900189280509949	0.7544905543327332	5
1467	4	2023-10-07 07:54:51.78	295.93280029296875	1.1149718761444092	0.3547047972679138	5
1468	4	2022-04-28 20:30:34.69	143.8828582763672	1.8278518915176392	0.617791473865509	4
1469	2	2023-03-29 19:27:26.17	119.17112731933594	1.2026584148406982	0.414703905582428	3
1470	2	2023-01-20 23:21:56.69	105.27861022949219	0.9004572033882141	0.9692422151565552	3
1471	7	2023-10-05 06:59:58.19	114.94416046142578	0.7753428220748901	0.35830214619636536	3
1472	6	2022-05-26 16:55:22.6	150.3372039794922	1.7989023923873901	0.9521332383155823	4
1475	3	2024-02-13 08:49:38.44	56.41322326660156	0.9922551512718201	0.947594165802002	5
1476	4	2024-05-20 09:08:24.32	67.1878890991211	1.9325891733169556	0.4683820903301239	3
1479	6	2022-10-22 19:38:57.46	243.99777221679688	0.876521646976471	0.3715783953666687	2
1480	6	2023-01-13 00:01:11.15	54.58237075805664	0.9507704973220825	0.7824926972389221	4
1481	4	2023-12-17 10:39:33.21	222.274658203125	0.7682660222053528	0.9360906481742859	5
1482	2	2022-11-18 13:53:32.88	231.54837036132812	1.5277765989303589	0.7634446024894714	3
1483	2	2024-05-19 10:23:41.15	88.6883773803711	0.9391021132469177	0.706545352935791	5
1485	6	2024-03-21 23:35:45.1	83.19685363769531	0.8533598780632019	0.4742429852485657	2
1486	3	2023-07-12 05:52:03.11	55.04556655883789	1.7875347137451172	0.847019612789154	5
1487	2	2022-05-09 15:15:58.29	230.32406616210938	1.4015954732894897	0.5959222316741943	5
1488	3	2023-11-20 01:54:10.4	288.10137939453125	1.2432783842086792	0.3826586604118347	5
1489	7	2023-09-14 03:02:45.68	129.63978576660156	0.9905738830566406	0.3456270694732666	5
1490	7	2022-08-01 15:54:47.91	142.69931030273438	0.7882861495018005	0.6384812593460083	5
1491	6	2024-01-19 02:09:30.65	141.50860595703125	1.4664876461029053	0.9467161893844604	5
1492	2	2022-01-29 02:35:39.71	159.53045654296875	1.6079230308532715	0.6639947295188904	4
1493	1	2024-03-29 23:20:39.21	259.82421875	1.4646317958831787	0.6345742344856262	2
1495	7	2022-12-04 00:45:24.18	282.79107666015625	0.6323556900024414	0.5576258301734924	5
1496	7	2023-01-04 03:28:26.45	274.3038330078125	1.3825961351394653	0.9486091732978821	3
1499	2	2023-04-18 06:14:40.3	296.5874938964844	1.357691764831543	0.8925735354423523	4
1500	3	2024-06-29 07:29:54.23	251.0483856201172	1.3333618640899658	0.32869717478752136	4
1502	7	2024-04-07 13:08:38.79	158.9706573486328	1.555241584777832	0.4606170952320099	2
1503	4	2023-08-02 18:48:39.88	82.38536071777344	0.8376184701919556	0.7941269278526306	5
1505	6	2024-06-07 15:48:13.55	290.9881591796875	1.1713762283325195	0.7047277092933655	5
1506	1	2023-07-14 08:21:44.07	101.4548568725586	1.117129921913147	0.8681908249855042	4
1507	4	2023-04-17 19:49:05.65	102.50244903564453	0.6592689156532288	0.6167677044868469	4
1508	7	2023-08-26 06:49:46.66	191.06610107421875	0.6876859664916992	0.517376720905304	4
1509	3	2024-02-10 07:24:06.52	231.56126403808594	1.5827336311340332	0.4472903907299042	5
1510	2	2024-06-28 04:02:33.59	252.90338134765625	1.2141356468200684	0.6185792684555054	5
1511	7	2023-08-21 13:05:15.19	55.01607894897461	1.4590954780578613	0.6743965148925781	4
1512	7	2022-12-08 00:21:46.15	185.80807495117188	0.7412347793579102	0.806201696395874	4
1513	2	2022-08-25 12:05:01.6	287.3043518066406	1.249375343322754	0.4231657385826111	4
1514	1	2022-12-21 18:22:41.38	209.33761596679688	1.0651925802230835	0.43633535504341125	5
1515	4	2022-06-03 03:02:30.04	286.65789794921875	1.8144997358322144	0.4206418991088867	5
1516	7	2022-07-10 00:48:54.07	81.32752227783203	1.390352725982666	0.820859432220459	2
1517	6	2022-12-19 19:16:05.53	226.39500427246094	0.5121865272521973	0.9728041887283325	5
1518	7	2023-04-02 19:27:20.65	175.6912841796875	0.6205688118934631	0.8396399021148682	2
1519	4	2023-01-09 05:28:50.48	252.3115692138672	1.127395510673523	0.6334454417228699	3
1520	6	2023-11-12 07:57:53.26	50.50791931152344	1.8992741107940674	0.9725838303565979	4
1521	3	2022-03-04 21:42:47.23	188.71485900878906	1.5379650592803955	0.6137993931770325	3
1522	1	2024-05-10 13:39:34.66	294.5453796386719	1.257763385772705	0.7564910054206848	5
1523	6	2022-11-17 08:18:49.9	295.7888488769531	1.130993127822876	0.4364750385284424	3
1524	7	2024-03-29 14:24:26.7	220.28709411621094	1.6209819316864014	0.7084919214248657	3
1525	1	2023-08-17 08:51:29.89	197.3765106201172	0.9551665782928467	0.9305926561355591	5
1526	2	2023-05-02 00:15:30.19	170.4407501220703	0.8663797378540039	0.8114818930625916	2
1527	4	2024-07-28 12:33:50.89	141.44512939453125	0.7354100346565247	0.6774736046791077	4
1528	4	2022-10-24 11:33:42.53	249.3401336669922	1.8096290826797485	0.6259220838546753	4
1529	3	2023-08-10 06:01:28.03	63.14651870727539	1.4337188005447388	0.3439883887767792	4
1530	6	2022-11-02 11:06:29.1	245.95803833007812	0.5523990392684937	0.565684974193573	5
1531	13	2022-11-17 22:56:31.08	109.94806671142578	1.9293526411056519	0.9873997569084167	5
1532	6	2024-01-10 19:02:16.36	142.11019897460938	1.1383259296417236	0.8793009519577026	2
1533	4	2023-09-25 18:59:14.48	261.01678466796875	1.466054081916809	0.5144946575164795	5
1534	6	2024-06-05 15:19:59.31	69.06866455078125	1.0233769416809082	0.6427489519119263	2
1535	4	2023-07-11 04:25:48.77	78.62448120117188	1.9631296396255493	0.800943911075592	2
1537	2	2023-07-02 05:39:29.5	271.1368103027344	1.4640231132507324	0.6295536756515503	4
1538	3	2024-01-25 12:12:22.03	145.61370849609375	1.5375311374664307	0.9125041961669922	4
1539	13	2023-11-19 04:45:06.03	213.10089111328125	0.7844766974449158	0.6941084861755371	4
1541	4	2022-04-16 14:39:12.67	272.3040771484375	0.7970784306526184	0.9309877157211304	3
1542	1	2024-02-25 02:18:19.07	250.50144958496094	1.4578449726104736	0.6330212354660034	2
1543	4	2022-11-24 04:37:51.23	155.20004272460938	1.7467857599258423	0.6649295091629028	5
1544	6	2022-07-16 07:04:49.29	57.752227783203125	1.3031563758850098	0.4315698444843292	2
1545	3	2022-10-07 03:25:00.52	150.8232421875	1.6791385412216187	0.8537918925285339	4
1547	6	2023-04-19 07:07:48.72	234.1515350341797	0.8330357670783997	0.46413710713386536	4
1548	6	2023-01-17 06:26:39.46	298.6054992675781	1.931718349456787	0.5321656465530396	3
1549	1	2022-05-05 04:23:41.15	271.2056884765625	1.3877840042114258	0.9638872742652893	3
1550	3	2024-02-26 01:33:42.48	180.53709411621094	1.040962815284729	0.42314571142196655	3
1551	2	2022-11-04 01:33:19.92	192.69015502929688	1.301216959953308	0.7386130094528198	2
1552	1	2024-05-24 22:29:55.46	238.8606414794922	0.8167639970779419	0.4976285696029663	5
1553	6	2022-08-06 18:20:21.09	158.8144073486328	1.6986459493637085	0.6191347241401672	5
1554	3	2022-03-30 17:09:48.55	54.96151351928711	1.1503429412841797	0.4738561511039734	5
1555	2	2023-07-22 17:17:22	64.48783111572266	1.9484533071517944	0.7484460473060608	2
1556	4	2023-05-26 05:41:44.36	219.67169189453125	0.6444582939147949	0.4007166028022766	2
1558	13	2022-10-04 08:26:49.34	133.63853454589844	0.5075511932373047	0.8078635931015015	5
1560	2	2022-11-03 16:53:40.76	270.1061096191406	0.6797029972076416	0.697506308555603	2
1561	1	2022-02-24 02:37:07.48	121.5154800415039	0.871396541595459	0.7955380082130432	4
1562	3	2022-05-19 14:31:17.73	217.3553924560547	1.2613624334335327	0.3273078501224518	5
1563	4	2024-02-05 03:16:32.67	123.9879379272461	1.9519230127334595	0.8830515742301941	2
1564	7	2023-08-04 02:24:18.41	121.04519653320312	1.684699296951294	0.6726000308990479	5
1565	6	2022-11-08 03:48:45.19	99.67005157470703	1.4810583591461182	0.7511063814163208	5
1566	13	2023-06-12 11:07:48.17	187.47496032714844	1.297783613204956	0.6045637130737305	4
1568	13	2022-02-06 09:16:37.31	156.7854766845703	1.062011480331421	0.4050903916358948	3
1569	7	2022-09-10 13:31:40.58	142.26296997070312	0.7366160154342651	0.46639707684516907	5
1570	6	2022-12-21 00:50:22.1	200.99107360839844	0.571830689907074	0.5995293855667114	5
1571	13	2024-07-21 05:01:24.03	132.892822265625	1.2265704870224	0.3104313910007477	2
1572	13	2022-09-17 15:26:11.23	280.91241455078125	1.808825969696045	0.8034063577651978	2
1573	7	2023-04-07 18:26:26.16	266.71026611328125	0.6313232779502869	0.4794028699398041	4
1574	2	2024-04-23 02:50:25.44	73.98766326904297	1.4156652688980103	0.516189694404602	4
1575	1	2023-07-16 03:58:56.52	124.97479248046875	0.6339795589447021	0.8038338422775269	3
1576	13	2024-07-13 08:05:26.88	264.31024169921875	0.5484965443611145	0.772982656955719	4
1577	2	2024-01-22 14:07:09.27	153.9267120361328	1.2745859622955322	0.41630616784095764	2
1578	6	2024-01-01 06:14:25.28	269.77276611328125	0.6112095713615417	0.9323841333389282	3
1581	6	2023-04-07 04:57:32.7	275.22412109375	1.2687162160873413	0.9058001637458801	4
1582	13	2022-08-07 12:12:48.23	119.48539733886719	0.8374459743499756	0.38950449228286743	2
1583	6	2022-03-23 22:11:55.16	224.0509033203125	1.1429171562194824	0.3313406705856323	4
1584	6	2023-05-04 12:19:18.59	195.02285766601562	1.187181830406189	0.6052448749542236	4
1585	4	2023-01-01 05:36:51.59	181.86251831054688	0.6452006101608276	0.5672917366027832	4
1587	6	2023-12-23 12:19:45.01	138.09527587890625	0.8046675324440002	0.6090148687362671	2
1588	4	2023-01-18 16:18:40.42	272.2888488769531	1.4536817073822021	0.9920143485069275	5
1589	7	2022-02-01 08:36:50.2	278.0344543457031	1.9235150814056396	0.957149863243103	4
1590	6	2024-06-23 21:26:00.48	283.0119323730469	1.6424142122268677	0.8990726470947266	4
1592	6	2022-11-15 05:59:27.99	293.56817626953125	1.618364930152893	0.9762231707572937	2
1593	2	2022-12-06 21:18:15.03	68.03083801269531	1.9304851293563843	0.6711826324462891	3
1594	3	2023-02-06 10:51:30.68	64.50701904296875	1.7357839345932007	0.8741533160209656	3
1595	1	2022-01-07 09:09:51.77	137.40139770507812	1.8106577396392822	0.5367972254753113	4
1596	6	2022-09-30 21:50:33.02	188.3467254638672	1.673092007637024	0.5828891396522522	5
1597	6	2022-09-30 15:12:22.95	156.0824432373047	1.2469100952148438	0.7095645070075989	4
1598	2	2023-01-05 17:59:29.14	163.42007446289062	1.768700122833252	0.5733782052993774	3
1599	4	2022-10-21 06:44:18.97	64.2982406616211	0.8573305010795593	0.9776572585105896	5
1600	2	2022-07-27 01:33:42.11	241.7105712890625	1.070641040802002	0.6029644012451172	2
1601	6	2023-12-12 05:36:12.17	213.7615966796875	1.5974746942520142	0.819696843624115	5
1602	1	2024-02-11 02:44:42.94	209.1006622314453	1.988339900970459	0.4185579717159271	5
1603	6	2023-12-30 23:22:34	78.02519226074219	0.6410245895385742	0.30100950598716736	2
1604	1	2022-03-01 19:19:27.42	168.12181091308594	1.779493808746338	0.3690662384033203	4
1605	13	2024-03-08 06:12:44.37	234.93133544921875	0.9581286907196045	0.8376691937446594	2
1606	2	2024-06-12 23:20:35.59	227.99667358398438	1.8275738954544067	0.978269636631012	2
1607	13	2023-12-22 13:57:10.35	217.31829833984375	1.1712735891342163	0.4440830647945404	2
1608	13	2023-01-01 18:40:11.67	150.9912567138672	1.1879068613052368	0.7146496176719666	4
1609	1	2022-05-30 23:54:58.01	220.3596649169922	1.7729477882385254	0.5494605302810669	2
1611	2	2024-02-21 15:42:24.32	276.2861633300781	1.3934333324432373	0.9398602247238159	3
1612	1	2024-03-12 22:04:01.69	54.81379699707031	1.3537821769714355	0.8088713884353638	5
1613	3	2024-04-25 04:03:55.83	128.3231658935547	0.8296318650245667	0.9312846660614014	5
1614	2	2024-04-07 11:13:34.14	86.58558654785156	1.1118515729904175	0.7791451215744019	2
1615	6	2022-11-21 15:50:41.18	72.86504364013672	1.4787397384643555	0.5857969522476196	5
1616	1	2023-02-09 15:44:28.87	69.28318786621094	1.8832465410232544	0.5040333271026611	3
1617	7	2022-08-08 19:34:20.29	262.3457336425781	1.7215993404388428	0.8721846342086792	5
1618	3	2022-01-02 23:03:57.75	160.76731872558594	1.5864256620407104	0.5075426697731018	4
1619	4	2024-02-19 18:49:46.13	153.7124786376953	0.7986183166503906	0.3722507059574127	3
1620	6	2022-06-24 23:28:56.23	116.86715698242188	1.2868882417678833	0.9147565364837646	5
1621	3	2023-11-26 04:12:52.15	92.48957061767578	1.9843567609786987	0.8238246440887451	3
1622	3	2023-12-03 00:46:08.01	172.04591369628906	1.7456483840942383	0.4137825667858124	2
1623	3	2022-06-29 02:50:08.5	202.03016662597656	1.6035114526748657	0.44390439987182617	3
1624	6	2024-01-05 07:30:14.86	251.41851806640625	1.1794646978378296	0.5875915288925171	3
1625	6	2023-02-10 07:30:08.99	187.80548095703125	1.5784142017364502	0.9124621748924255	3
1626	13	2023-11-14 14:37:10.72	153.4713897705078	1.0434422492980957	0.46274152398109436	4
1627	1	2024-05-03 06:48:07.23	159.26089477539062	0.9237362742424011	0.4248773753643036	4
1628	7	2023-05-17 13:56:44.91	93.13247680664062	1.5646836757659912	0.3550058901309967	2
1629	3	2023-07-15 11:12:49.43	294.8730773925781	1.702038288116455	0.49933290481567383	5
1630	6	2022-04-21 14:36:10.68	263.87841796875	1.1811968088150024	0.9463660717010498	3
1631	1	2023-06-04 10:16:21.77	171.03265380859375	1.2581560611724854	0.5346260666847229	5
1632	13	2024-07-11 17:01:36.29	105.2355728149414	0.6986998915672302	0.4175795614719391	3
1634	1	2024-07-18 00:20:27.27	129.34951782226562	0.8130849599838257	0.3895934820175171	5
1635	2	2023-09-27 05:39:26.46	200.7447509765625	1.5923423767089844	0.4096734821796417	5
1636	2	2023-01-02 07:55:11.93	160.63624572753906	1.534347414970398	0.3498438000679016	4
1637	2	2023-06-08 13:34:48.87	193.94561767578125	0.9729290008544922	0.9591713547706604	4
1638	6	2022-08-30 22:47:28.65	58.94472885131836	0.9342398643493652	0.4897006154060364	5
1639	4	2024-02-13 21:16:02.24	265.7106018066406	1.3599311113357544	0.9560325145721436	5
1640	7	2023-08-28 11:33:34.86	162.88937377929688	1.0088472366333008	0.35961222648620605	5
1641	1	2022-05-02 14:09:06.4	168.51609802246094	0.7839322686195374	0.7994275093078613	2
1642	2	2023-06-05 19:25:44.62	221.56137084960938	1.3486121892929077	0.8996323347091675	2
1643	2	2022-05-20 10:35:58.35	74.89268493652344	1.506943702697754	0.5262504816055298	4
1644	13	2022-01-29 09:14:21.57	128.1102294921875	1.4499695301055908	0.6260711550712585	5
1645	4	2022-01-14 05:11:06.41	120.81640625	0.5931227803230286	0.8576027154922485	2
1646	13	2024-05-25 14:56:29.28	291.58837890625	1.6106683015823364	0.3809390366077423	4
1647	2	2024-05-24 16:19:19.52	201.8982391357422	0.7974120378494263	0.35506680607795715	4
1649	1	2022-04-10 15:17:27.69	191.5363006591797	1.0714175701141357	0.9046515226364136	5
1651	13	2022-12-24 11:48:39.62	70.1631088256836	0.9210448265075684	0.32981008291244507	2
1652	3	2022-07-25 22:36:18.69	167.0803985595703	0.5122531652450562	0.9675754904747009	4
1653	13	2024-06-06 18:07:31.14	296.8578186035156	1.8512473106384277	0.4211534261703491	3
1654	1	2022-04-29 12:29:44.73	140.91543579101562	1.1253511905670166	0.4853169918060303	4
1655	1	2022-07-21 06:40:00.57	274.16497802734375	1.2083327770233154	0.4225028157234192	2
1656	2	2024-05-19 23:31:52.63	239.8243865966797	1.9879363775253296	0.6736835241317749	5
1657	3	2023-07-24 08:32:36.59	183.1540069580078	1.8560127019882202	0.6086192727088928	4
1658	6	2022-07-29 09:26:10.27	259.6257019042969	0.6683252453804016	0.6403493881225586	4
1659	2	2023-01-18 23:09:53.86	293.9315490722656	0.8088769316673279	0.6564062237739563	3
1660	2	2023-02-20 19:17:14.34	287.6432800292969	0.6583983898162842	0.7017504572868347	3
1661	2	2022-06-18 15:13:55.79	90.14887237548828	0.6459188461303711	0.546707034111023	4
1662	13	2022-09-30 21:15:53.51	295.0960693359375	1.3835660219192505	0.8548883199691772	3
1663	2	2022-02-13 22:12:10.58	173.38858032226562	1.9740861654281616	0.8482629656791687	5
1664	13	2024-07-19 13:59:33.37	60.887638092041016	1.2298681735992432	0.380437433719635	4
1665	3	2023-01-10 01:50:10	148.97911071777344	0.8637216687202454	0.7873770594596863	5
1667	6	2023-11-19 18:01:31.95	252.29078674316406	0.5712087750434875	0.43820875883102417	3
1668	3	2024-04-16 12:41:43.37	110.62632751464844	1.8878965377807617	0.4785926043987274	3
1669	1	2022-02-19 17:30:51.11	131.28175354003906	0.6627764701843262	0.9780245423316956	2
1670	13	2023-07-07 07:16:59.08	145.6138458251953	0.7875339388847351	0.9063853025436401	4
1671	6	2023-12-20 12:24:04.91	257.547119140625	1.989818811416626	0.46640682220458984	3
1672	7	2024-02-08 11:52:51.92	56.17824935913086	1.8154577016830444	0.7226870059967041	3
1673	1	2024-03-07 18:28:39.45	285.140625	1.3016446828842163	0.5834423899650574	3
1674	7	2023-07-16 15:20:41.78	263.01690673828125	1.9001988172531128	0.37218376994132996	3
1675	3	2024-01-16 22:24:07.1	94.24220275878906	1.1748844385147095	0.3780151307582855	5
1676	1	2022-07-26 11:20:39.14	272.64654541015625	1.735459804534912	0.9764296412467957	2
1677	6	2022-03-09 23:20:26.1	152.79917907714844	0.917191743850708	0.8360366225242615	5
1678	2	2022-11-30 01:34:56.83	243.18069458007812	1.7598615884780884	0.703223705291748	3
1679	6	2022-03-10 17:45:02.44	60.946041107177734	0.6165053248405457	0.5132914185523987	2
1680	2	2022-12-02 01:47:27.23	113.28589630126953	1.5069340467453003	0.4301674962043762	5
1682	7	2024-02-05 19:54:47.52	234.59576416015625	1.6577107906341553	0.4847494065761566	2
1683	13	2024-05-18 22:10:18.78	76.56480407714844	1.6812100410461426	0.33479034900665283	3
1684	4	2023-04-06 07:06:48.42	118.73191833496094	0.6076430678367615	0.8019334673881531	3
1685	3	2023-11-23 19:57:15.46	279.2315368652344	1.1301461458206177	0.6019599437713623	5
1686	7	2023-03-01 07:05:46.87	281.1351623535156	0.6269176006317139	0.5423567295074463	3
1687	4	2022-04-13 08:47:30.86	193.3662872314453	1.7055001258850098	0.408342570066452	2
1688	6	2023-09-25 20:32:41.23	55.615089416503906	1.2498232126235962	0.7495479583740234	5
1689	4	2022-08-19 00:17:13.52	56.236480712890625	1.326678991317749	0.49431300163269043	3
1690	4	2022-12-06 09:32:52.9	211.7996826171875	1.075204610824585	0.8707243204116821	3
1691	2	2022-12-05 12:51:32.54	215.67076110839844	0.6785516142845154	0.5549274682998657	4
1692	2	2023-02-20 15:20:39.3	140.1012420654297	1.8457711935043335	0.7933586239814758	5
1693	1	2023-10-09 04:51:15.39	61.22906494140625	0.5531297326087952	0.3936738669872284	4
1695	1	2024-06-19 17:54:45.68	94.2226333618164	0.9923393130302429	0.9810352325439453	5
1697	2	2024-03-07 13:58:00.1	238.8656463623047	1.5426045656204224	0.39390358328819275	4
1698	2	2023-06-20 14:59:56.99	112.03086853027344	0.804595947265625	0.7317180633544922	5
1700	3	2022-04-05 02:35:15.67	138.1409454345703	1.6528704166412354	0.7698656916618347	2
1701	3	2022-07-11 10:23:55.76	81.66494750976562	0.9845607876777649	0.37806856632232666	2
1702	3	2022-08-13 04:51:33.86	73.77867889404297	0.7602026462554932	0.4005841910839081	4
1703	1	2022-10-23 13:47:11.34	208.76158142089844	1.7555816173553467	0.3910127878189087	5
1704	2	2024-04-03 22:47:07.62	126.52864074707031	1.8762179613113403	0.38682782649993896	2
1705	4	2022-10-16 05:32:47.17	92.70207214355469	0.9195180535316467	0.8689268827438354	3
1706	13	2024-06-01 18:36:18.43	233.94093322753906	1.1528655290603638	0.5058965682983398	5
1707	7	2022-02-06 01:21:38.56	219.9066925048828	1.7681735754013062	0.6102259755134583	3
1708	3	2022-11-21 07:22:01.34	107.10160827636719	0.9979536533355713	0.8976908326148987	2
1709	13	2022-06-20 22:04:54.82	86.87925720214844	1.2207750082015991	0.7853434681892395	4
1713	3	2023-03-09 06:37:08.5	186.21817016601562	0.8207092881202698	0.9229980707168579	2
1714	4	2022-10-23 14:57:52.78	212.86721801757812	1.6735200881958008	0.49449053406715393	4
1715	6	2024-03-25 03:28:46.47	228.0911407470703	0.8603541254997253	0.44759565591812134	4
1716	1	2023-05-11 21:44:29.56	121.26514434814453	0.6858893036842346	0.689690887928009	2
1717	6	2022-04-16 01:50:33.25	250.56417846679688	1.1016134023666382	0.8303744196891785	2
1718	7	2023-07-03 20:36:49.36	125.52867126464844	0.6734037399291992	0.6894587874412537	2
1719	13	2022-06-29 11:31:17.77	228.30035400390625	1.5766069889068604	0.5940728783607483	2
1720	2	2022-09-18 00:42:59.85	164.9546661376953	1.5432426929473877	0.45076489448547363	5
1721	13	2022-10-11 13:54:26.55	119.10228729248047	1.565775752067566	0.3668772280216217	2
1722	2	2024-06-20 01:05:43.96	52.333248138427734	0.8003034591674805	0.4672384262084961	5
1723	4	2023-11-21 16:41:42.8	194.49290466308594	0.7956303954124451	0.7525598406791687	5
1724	1	2023-07-11 18:33:29.34	275.8060607910156	1.6027828454971313	0.5034199953079224	4
1725	1	2024-07-04 14:28:29.54	251.7315673828125	1.555275797843933	0.8419132828712463	5
1726	13	2023-07-23 23:24:06.38	259.0613098144531	1.1206241846084595	0.3558209538459778	4
1727	7	2022-04-26 16:30:54.83	144.1329803466797	0.8428032398223877	0.883502721786499	5
1728	7	2023-11-20 16:32:29.34	192.7860107421875	0.8102015256881714	0.7026998996734619	2
1729	13	2023-06-15 00:35:24.89	233.5699005126953	1.1131352186203003	0.7358490824699402	2
1730	1	2022-12-07 10:20:18.69	198.87960815429688	1.1699061393737793	0.5091010332107544	5
1731	13	2023-11-26 20:37:46.62	221.98324584960938	1.3002393245697021	0.5344150066375732	5
1732	6	2022-08-08 23:42:23.51	223.80491638183594	0.699877917766571	0.3058250844478607	5
1733	2	2024-01-03 08:43:04.44	251.94088745117188	1.2327686548233032	0.5273852348327637	4
1735	3	2023-11-15 11:45:42.64	137.74545288085938	1.9190521240234375	0.8137162327766418	5
1736	2	2023-07-25 10:24:20.6	231.96961975097656	1.4935308694839478	0.41178208589553833	4
1737	2	2022-04-17 15:59:50.27	260.332763671875	1.8214495182037354	0.6140825152397156	3
1738	2	2024-02-17 14:25:00.72	199.7928924560547	1.5012673139572144	0.9165884852409363	4
1739	4	2023-12-30 08:51:35.55	126.06379699707031	1.9242849349975586	0.7677872180938721	2
1740	3	2024-02-15 06:06:22.37	209.9803466796875	1.099664330482483	0.4727177619934082	5
1741	6	2022-04-23 20:22:37.06	298.30401611328125	0.8000676035881042	0.41485533118247986	2
1742	7	2024-06-11 15:13:18.62	199.29302978515625	1.8221908807754517	0.5654284358024597	3
1744	13	2022-01-17 07:57:27.87	266.4685363769531	1.7358263731002808	0.7424116134643555	4
1745	2	2023-12-24 17:16:09.5	158.75450134277344	0.9843764305114746	0.6231347322463989	4
1746	6	2022-07-24 03:01:12.86	151.42221069335938	1.9854626655578613	0.3749682307243347	4
1747	13	2024-07-28 01:43:08.97	166.83248901367188	0.7133851647377014	0.8937816023826599	4
1748	6	2022-06-15 23:30:50.97	125.45079803466797	1.9130066633224487	0.5634851455688477	2
1749	6	2024-01-11 06:59:11.28	113.59253692626953	1.9953293800354004	0.9494753479957581	5
1750	13	2024-04-13 10:59:30.1	183.1229705810547	1.1932777166366577	0.5132142305374146	4
1751	3	2022-11-29 15:19:48.34	52.2720832824707	1.0705729722976685	0.4829994738101959	2
1752	7	2022-05-27 14:20:11.8	176.39892578125	1.1877964735031128	0.7510555982589722	2
1753	4	2023-12-13 17:05:24.69	283.48248291015625	1.1974208354949951	0.5607023239135742	4
1754	13	2022-01-28 16:32:06.52	123.31299591064453	0.5062084794044495	0.4512430727481842	2
1756	2	2022-03-14 23:13:01.94	144.81588745117188	1.448397159576416	0.4295377731323242	3
1757	13	2024-02-13 15:03:40.54	113.75015258789062	0.8650849461555481	0.6229898929595947	2
1758	3	2022-10-23 19:21:22.12	90.17782592773438	1.4897593259811401	0.5449331998825073	3
1759	1	2022-04-21 21:41:06.81	158.33033752441406	0.5194750428199768	0.9307389259338379	5
1760	13	2023-02-16 00:16:04.17	52.09465026855469	1.7845264673233032	0.5444175004959106	5
1761	13	2023-06-13 09:58:18.46	107.6299819946289	0.8790111541748047	0.7532793283462524	2
1762	7	2023-11-13 19:08:53.07	79.43193817138672	0.810196578502655	0.913212776184082	4
1763	2	2023-10-11 16:17:20.52	135.65475463867188	0.6511878371238708	0.9450339674949646	5
1765	7	2023-09-07 14:14:19.46	54.76170349121094	1.2420886754989624	0.44177359342575073	5
1766	6	2024-05-10 13:03:33.98	203.81109619140625	1.99039626121521	0.47943565249443054	2
1767	3	2022-12-20 18:46:55.23	118.64691162109375	0.9100853204727173	0.7642134428024292	3
1768	7	2022-05-28 00:30:54.23	83.50667572021484	1.7646476030349731	0.5967327356338501	4
1769	1	2023-08-13 22:34:11.72	115.99028015136719	1.0967293977737427	0.5085368156433105	5
1770	4	2023-10-29 04:37:03.2	247.3346710205078	1.339391827583313	0.4484027326107025	2
1771	2	2024-03-04 09:34:04.1	231.95635986328125	1.377569317817688	0.5857720971107483	5
1772	7	2022-10-04 22:15:14.33	290.5741271972656	0.9900608658790588	0.34911635518074036	4
1773	13	2023-01-16 08:09:46.89	78.1255874633789	1.5358933210372925	0.9384161233901978	5
1774	1	2022-03-19 02:02:58.08	157.43080139160156	1.0108245611190796	0.3437255024909973	3
1775	3	2023-02-04 11:51:17.75	200.58238220214844	1.7481807470321655	0.8536112904548645	4
1776	6	2022-04-19 21:21:31.25	199.87307739257812	1.735411286354065	0.6279364228248596	5
1777	2	2022-01-22 23:02:17.44	61.13791275024414	1.1038507223129272	0.49206870794296265	3
1778	1	2022-03-26 23:56:46.85	218.01380920410156	0.9074321985244751	0.7888467907905579	2
1779	1	2022-01-03 14:09:42.96	95.60527038574219	0.7501532435417175	0.5051909685134888	5
1780	13	2023-12-21 06:12:42.47	294.2408752441406	1.2408710718154907	0.7591591477394104	5
1782	13	2022-10-17 20:16:54.79	92.60042572021484	0.5730441808700562	0.9221654534339905	3
1783	2	2024-03-28 07:11:50.13	223.1370849609375	1.4950542449951172	0.9451799392700195	5
1784	4	2023-04-13 09:14:01.24	56.45680236816406	1.0471258163452148	0.6532552242279053	5
1785	4	2023-04-30 20:09:11.95	244.6739959716797	1.3596930503845215	0.6650761961936951	5
1786	13	2024-03-07 03:26:29	205.99667358398438	0.5180782675743103	0.5186289548873901	3
1788	3	2023-02-08 23:52:34.3	239.08999633789062	1.6839618682861328	0.7739721536636353	3
1789	7	2023-06-08 19:35:09.29	229.85179138183594	0.9129940271377563	0.7343372106552124	3
1790	3	2022-01-04 05:40:53.47	201.2755584716797	0.6886729001998901	0.3049437999725342	2
1791	7	2023-04-11 14:32:26.04	205.2826690673828	1.774409532546997	0.7539086937904358	3
1792	1	2023-10-17 02:42:20.1	143.04541015625	0.7188208103179932	0.40957561135292053	2
1793	7	2023-03-23 16:46:35.65	188.31520080566406	1.92844820022583	0.7782734036445618	5
1794	6	2023-04-19 17:56:18.41	128.2111053466797	1.9557691812515259	0.8179894089698792	5
1795	7	2024-04-24 13:59:12.36	156.26515197753906	0.9454849362373352	0.5199813842773438	3
1796	4	2024-05-20 12:31:29.78	161.4011993408203	1.3633131980895996	0.42668911814689636	2
1797	3	2023-10-22 12:08:10.49	113.71089935302734	0.5436586737632751	0.5513507127761841	5
1798	6	2023-01-04 07:15:17.2	236.4499053955078	1.641903281211853	0.7155320644378662	3
1799	2	2022-02-17 06:55:40.35	67.27304077148438	1.1583775281906128	0.37831395864486694	5
1800	13	2022-06-27 20:11:52.23	268.6715087890625	0.7268415689468384	0.5436863899230957	3
1801	1	2022-11-22 03:32:08.37	138.9012908935547	1.4421786069869995	0.9734193086624146	2
1802	2	2022-07-15 05:23:46.45	240.87588500976562	0.8450945019721985	0.8973748683929443	3
1803	7	2023-06-03 02:16:18.19	114.35941314697266	1.1719282865524292	0.6761934757232666	5
1804	4	2023-05-26 22:56:33.49	148.49835205078125	1.4736427068710327	0.8402131795883179	2
1806	3	2023-09-24 20:15:43.64	270.0504150390625	1.6510303020477295	0.9391944408416748	4
1807	1	2022-03-23 11:51:11.07	196.4409637451172	1.9503222703933716	0.5705024003982544	5
1808	2	2024-02-26 12:21:19.7	290.59393310546875	0.5830122828483582	0.43556472659111023	3
1809	13	2023-04-28 07:49:40.24	270.3143005371094	1.0140904188156128	0.7270079851150513	2
1810	6	2022-11-20 11:56:06.5	136.62925720214844	0.7225990295410156	0.8894869089126587	4
1811	6	2022-06-26 16:47:52.3	220.10707092285156	1.9264723062515259	0.7954602837562561	3
1812	13	2022-02-22 20:36:48.08	109.27657318115234	0.6371336579322815	0.9871439933776855	4
1813	13	2023-03-24 08:08:12.21	58.98220443725586	0.7242335081100464	0.8473197817802429	5
1814	1	2024-07-21 08:26:33.03	238.05642700195312	0.6455802321434021	0.8044848442077637	2
1815	1	2023-11-19 04:27:04.1	299.833251953125	1.18843674659729	0.9765469431877136	3
1816	4	2023-01-08 10:26:08.76	298.5970764160156	1.6313890218734741	0.6109131574630737	2
1818	2	2022-03-11 17:44:46.15	185.22572326660156	0.870790958404541	0.47332608699798584	5
1820	3	2023-04-13 15:13:41.33	293.9336242675781	1.0255169868469238	0.8182544708251953	3
1821	1	2022-04-09 05:30:01.55	78.97496032714844	1.1402438879013062	0.7450026869773865	5
1822	2	2023-10-17 05:18:57.15	235.86729431152344	1.4528855085372925	0.7630438208580017	4
1823	1	2023-02-06 22:20:48	169.6236572265625	1.10638427734375	0.9813236594200134	5
1824	13	2024-02-28 03:41:20.52	141.30917358398438	1.6710560321807861	0.954103946685791	5
1825	2	2023-12-23 12:04:48.99	258.2151794433594	1.7046096324920654	0.9901471734046936	2
1826	7	2022-08-07 17:14:47.77	215.9474639892578	1.591050386428833	0.4718518555164337	3
1827	3	2023-09-29 00:32:11.45	262.5009765625	0.8554508686065674	0.9244006872177124	4
1828	13	2022-08-17 08:21:56.39	132.58294677734375	1.2183200120925903	0.9741581678390503	2
1831	4	2024-07-30 15:08:49.09	97.42826843261719	1.011521339416504	0.9931350946426392	4
1832	13	2022-07-11 13:30:14.85	267.2991943359375	0.6248623728752136	0.904150664806366	5
1833	3	2023-10-22 15:13:46.06	57.32744598388672	1.4670511484146118	0.5683603882789612	3
1834	13	2022-07-18 03:53:27.18	267.02447509765625	1.157471776008606	0.6953873038291931	4
1835	7	2024-06-25 14:22:55.89	217.5878143310547	0.6071678400039673	0.7992033362388611	4
1836	1	2022-02-07 10:39:11.96	97.41558074951172	0.6385676264762878	0.7520427703857422	4
1837	2	2024-04-15 13:26:32.53	134.72312927246094	1.4307366609573364	0.8874543309211731	2
1838	13	2024-01-27 11:02:25.11	296.8040771484375	1.983810305595398	0.6347036361694336	3
1839	4	2023-06-27 16:48:34.97	243.2604522705078	0.708564043045044	0.7189975380897522	2
1840	7	2022-10-27 18:53:45.41	112.84687805175781	1.5983577966690063	0.5168871283531189	3
1841	6	2024-05-14 16:35:37.1	168.3898162841797	1.4967306852340698	0.6391282677650452	3
1843	1	2022-03-18 01:39:34.13	92.18716430664062	1.724137306213379	0.7796952724456787	3
1844	1	2022-08-30 01:24:10.25	67.85555267333984	1.8198697566986084	0.6014205813407898	2
1847	1	2023-05-27 23:25:20.22	265.0463562011719	1.4105538129806519	0.6046377420425415	4
1848	1	2022-02-20 00:58:14.66	156.1963348388672	0.7175654768943787	0.46227800846099854	5
1849	6	2023-12-07 03:50:50.65	229.22654724121094	1.680761694908142	0.30148041248321533	2
1850	3	2024-07-29 20:30:45.57	144.19985961914062	1.1987111568450928	0.38524436950683594	5
1851	7	2022-06-21 18:22:56.28	268.9829406738281	1.0534021854400635	0.4570392370223999	2
1852	1	2023-11-20 18:39:57.09	199.50119018554688	1.8502347469329834	0.7884858250617981	4
1853	2	2023-10-29 14:25:23.01	266.9881286621094	1.95061194896698	0.3868708312511444	4
1855	7	2023-06-16 01:15:08.76	277.926513671875	1.753405213356018	0.5360237956047058	2
1856	13	2022-07-24 02:09:08.74	100.37547302246094	1.270029902458191	0.6416304707527161	2
1857	6	2023-06-09 09:16:45.32	229.92001342773438	1.0639252662658691	0.553288996219635	4
1858	3	2022-06-13 10:36:25.52	86.20635223388672	0.9783158302307129	0.7323675155639648	5
1859	7	2023-02-17 00:43:48.88	285.8782958984375	0.8476308584213257	0.9127445816993713	4
1861	4	2023-08-18 09:27:54.1	288.2127380371094	1.3757824897766113	0.44353368878364563	3
1862	4	2022-02-24 07:32:45.05	204.54893493652344	1.5919321775436401	0.7894393801689148	2
1863	3	2022-06-26 23:56:55.72	275.12908935546875	1.1592822074890137	0.7607241272926331	3
1864	2	2023-08-04 15:07:12.92	95.56953430175781	0.7298382520675659	0.9805637001991272	4
1865	2	2022-01-11 02:18:23.89	60.6656608581543	1.1003488302230835	0.9802708029747009	3
1866	4	2022-01-25 16:46:50.09	289.5462646484375	1.5691983699798584	0.6652380228042603	5
1867	7	2022-02-24 01:17:55.4	294.2536315917969	1.5082035064697266	0.4973564147949219	4
1868	2	2022-08-18 05:06:13.24	231.3751220703125	1.2069259881973267	0.7937742471694946	5
1869	1	2023-02-20 12:51:34.86	172.91909790039062	1.7589060068130493	0.7915211319923401	4
1870	2	2024-05-30 02:15:37.85	123.60478210449219	1.3840312957763672	0.919518768787384	3
1871	2	2023-02-21 03:42:52.22	79.10067749023438	1.7402676343917847	0.5184088349342346	5
1872	13	2024-05-23 22:50:40.56	228.7178192138672	0.6350796222686768	0.48697495460510254	4
1873	3	2022-02-09 21:01:54.61	264.8646240234375	1.5463745594024658	0.8515623211860657	4
1874	2	2024-01-12 22:48:50.81	271.0098571777344	1.259223222732544	0.4866165816783905	3
1875	1	2023-05-30 07:45:13.72	68.9044418334961	1.148745059967041	0.4154720604419708	5
1876	13	2023-11-15 02:10:56.73	127.24414825439453	0.7894883751869202	0.865604043006897	3
1878	2	2022-05-27 18:56:03.26	187.6781463623047	1.4042820930480957	0.4523380994796753	3
1879	6	2024-06-16 10:54:31.76	134.14071655273438	1.690492868423462	0.5161921381950378	3
1880	1	2024-03-18 00:02:21.84	156.4229736328125	0.765601634979248	0.46338188648223877	2
1881	13	2024-04-22 02:19:28.04	131.38253784179688	0.8640670776367188	0.3803369998931885	2
1883	7	2022-07-17 06:39:06.8	233.58926391601562	1.2049776315689087	0.6300790905952454	4
1884	4	2024-01-14 14:59:10.58	60.64221954345703	1.5873208045959473	0.9746699333190918	4
1885	4	2022-11-13 16:10:30.31	55.6505241394043	0.7853519320487976	0.7409070730209351	4
1887	1	2024-03-28 03:36:30.53	263.44635009765625	0.7119494676589966	0.44364413619041443	2
1888	4	2022-06-08 23:24:22.06	96.57953643798828	1.4342586994171143	0.4283716380596161	5
1889	2	2023-08-25 13:08:20.93	103.47396850585938	1.7053388357162476	0.3257388472557068	2
1890	1	2022-09-03 19:14:37.1	118.31387329101562	1.0945942401885986	0.6476673483848572	4
1891	3	2024-03-07 04:41:43.93	54.24201965332031	0.6563377976417542	0.6028503179550171	3
1893	7	2024-04-07 03:14:13.56	270.28656005859375	0.9666358828544617	0.3031506836414337	2
1894	6	2024-01-15 07:59:43.4	122.55998229980469	0.949165403842926	0.30487990379333496	4
1895	3	2022-06-05 00:03:50.21	115.10242462158203	1.4320977926254272	0.8962131142616272	5
1896	4	2023-01-14 02:35:56.92	279.6430969238281	1.0859004259109497	0.6809107661247253	4
1897	6	2024-05-05 03:15:32.83	263.056640625	1.9340540170669556	0.9090169668197632	5
1898	2	2023-03-16 18:01:51.81	248.86495971679688	1.4311727285385132	0.8169678449630737	2
1899	13	2024-07-20 12:27:10.4	246.85321044921875	1.0269544124603271	0.5921874046325684	5
1900	4	2023-05-20 17:38:31.18	192.52783203125	0.6711497902870178	0.8299177885055542	3
1901	13	2022-05-21 12:10:37.55	97.80703735351562	1.5322296619415283	0.36995068192481995	5
1902	3	2023-04-24 23:45:43.81	291.44561767578125	0.6350175142288208	0.8941386938095093	2
1903	7	2022-10-27 16:28:51.09	55.025177001953125	1.7414188385009766	0.41658806800842285	3
1905	3	2023-06-04 15:18:13.85	91.8385238647461	1.3903523683547974	0.43814748525619507	2
1907	1	2024-02-27 22:30:48.72	217.5316925048828	1.7835394144058228	0.6783740520477295	3
1908	4	2024-05-22 08:56:23.38	121.56478118896484	0.8745070695877075	0.9618939161300659	3
1909	13	2023-02-07 13:29:29.24	154.4822235107422	1.117564082145691	0.9738154411315918	3
1910	1	2022-03-08 09:51:26.22	88.2822494506836	0.9531466960906982	0.7490409016609192	3
1911	6	2024-02-18 04:22:18.96	138.26858520507812	1.634367823600769	0.4441576600074768	3
1912	1	2023-09-07 20:13:17.34	287.3883056640625	1.1437077522277832	0.45519983768463135	4
1913	4	2022-06-19 01:31:01.65	253.53890991210938	1.1107059717178345	0.4780120253562927	2
1914	4	2022-09-04 08:20:45.91	189.8317413330078	0.7497268319129944	0.7803748846054077	4
1915	7	2024-04-15 13:44:16.42	61.358619689941406	1.440226435661316	0.3272828757762909	3
1916	4	2023-12-16 00:07:51.73	184.86354064941406	1.2223514318466187	0.9531663060188293	5
1917	1	2023-07-18 02:45:07.96	59.01549530029297	0.9833491444587708	0.4581933915615082	3
1918	2	2023-03-18 20:30:06.47	244.20448303222656	1.8216419219970703	0.5410940051078796	5
1919	1	2023-07-01 13:11:00.13	271.346435546875	1.506730079650879	0.4544393718242645	4
1921	3	2022-11-13 20:36:05.1	204.67935180664062	1.323309063911438	0.9568694829940796	3
1922	4	2024-05-08 19:57:35.9	252.7015838623047	0.5466122627258301	0.5782243013381958	5
1923	6	2022-07-08 06:15:34.6	291.5762023925781	1.0231257677078247	0.5140531063079834	3
1924	6	2024-07-20 15:43:02.64	196.20767211914062	1.8691190481185913	0.7526451945304871	4
1925	13	2022-11-27 04:23:14.61	276.97430419921875	1.0259325504302979	0.643798291683197	3
1926	13	2023-04-03 14:55:10.77	165.5203857421875	1.1299163103103638	0.6354778409004211	4
1927	6	2023-07-12 17:41:10.15	55.13784408569336	1.123522162437439	0.507555365562439	5
1928	2	2024-05-13 20:38:20.75	129.934814453125	0.6941671967506409	0.6205363273620605	3
1929	3	2024-07-28 13:09:04.88	223.0157928466797	1.3972697257995605	0.4857783019542694	3
1930	4	2022-02-06 17:35:46.75	148.26193237304688	1.2169808149337769	0.33143097162246704	3
1931	13	2022-12-29 23:53:09.27	237.34449768066406	1.7092291116714478	0.6257029175758362	5
1932	13	2023-05-04 22:09:50.59	96.02381896972656	0.6174071431159973	0.7045496106147766	3
1933	1	2023-01-12 15:34:45.16	200.20953369140625	0.5137597918510437	0.4009815752506256	2
1934	13	2024-06-22 17:33:55.85	55.97443771362305	1.416879653930664	0.3473973870277405	3
1935	4	2022-02-18 02:24:04.6	248.08457946777344	1.405429482460022	0.9485760927200317	3
1936	3	2023-03-21 06:55:10.22	264.3938293457031	0.9233823418617249	0.6531477570533752	5
1937	13	2023-11-05 08:41:00.73	268.2601013183594	1.9379029273986816	0.60663241147995	4
1938	1	2024-04-29 06:18:37.12	128.85716247558594	1.8942524194717407	0.6562598943710327	3
1940	3	2022-09-30 22:35:34.08	236.861328125	0.9392723441123962	0.5318659543991089	5
1942	1	2022-09-02 18:51:43.17	113.4022216796875	1.2089053392410278	0.38974878191947937	5
1943	1	2023-03-06 01:03:22.52	265.8153991699219	1.3908182382583618	0.9146634340286255	3
1944	1	2024-08-07 20:14:39.76	75.2594223022461	1.2258015871047974	0.6049431562423706	4
1945	13	2024-04-22 19:33:25.28	185.1756591796875	1.1668305397033691	0.6576106548309326	4
1946	4	2023-03-25 22:02:51.66	255.36865234375	1.9487957954406738	0.9393792152404785	4
1947	7	2022-05-24 11:13:52.3	144.4835662841797	1.4260469675064087	0.39309999346733093	3
1948	13	2022-06-23 04:57:49.92	180.32171630859375	0.8462996482849121	0.9473950862884521	3
1949	13	2022-02-17 11:56:44.16	184.37095642089844	0.9118285775184631	0.43279165029525757	5
1950	1	2022-09-02 12:02:24.44	114.81602478027344	1.90460205078125	0.6941256523132324	5
1951	7	2023-04-01 08:04:22.84	261.325927734375	1.473097801208496	0.7581988573074341	3
1952	4	2023-02-23 20:03:14.36	110.33004760742188	1.2988260984420776	0.6071768999099731	4
1953	1	2024-06-19 16:04:46.15	214.0919189453125	1.1386810541152954	0.7465742826461792	5
1954	6	2024-01-05 00:16:10.69	137.57559204101562	1.9540276527404785	0.8762456178665161	2
1956	3	2022-10-26 17:18:49.94	58.9105339050293	0.7013711333274841	0.6740597486495972	2
1957	6	2023-08-19 17:39:07.32	247.64735412597656	1.1056996583938599	0.48688241839408875	3
1959	13	2022-04-24 16:34:22.59	241.45140075683594	1.2583986520767212	0.5465636253356934	5
1960	13	2022-10-15 14:21:19.86	161.48768615722656	0.8784162998199463	0.3620832860469818	3
1961	4	2023-11-18 13:59:34.37	144.8202362060547	0.6690335869789124	0.6748369932174683	2
1962	13	2023-08-01 20:51:23.97	274.0311584472656	1.0775867700576782	0.46305108070373535	2
1963	2	2024-01-04 18:54:44.38	143.5691680908203	1.680558204650879	0.9018563628196716	2
1965	4	2022-03-19 17:33:18.27	298.3541564941406	1.4079903364181519	0.3479844927787781	3
1966	1	2024-01-18 20:52:11.33	167.03773498535156	1.9458690881729126	0.3990459740161896	2
1967	3	2023-06-09 15:06:21.03	293.3957824707031	1.1946873664855957	0.8730087280273438	4
1968	4	2023-04-01 14:44:47.75	129.2295379638672	1.6687328815460205	0.7447245121002197	2
1969	6	2024-01-12 20:21:48.89	87.6109619140625	0.8631568551063538	0.5140652656555176	5
1970	1	2024-02-05 19:58:18.4	204.063720703125	1.8507062196731567	0.689202070236206	5
1971	13	2023-05-25 00:48:34.34	139.09201049804688	1.580859661102295	0.6770035028457642	3
1972	6	2022-12-10 11:38:00.75	269.4150695800781	1.7198946475982666	0.7739802002906799	5
1973	13	2022-12-08 10:31:17.26	242.11363220214844	1.6631641387939453	0.4603189527988434	4
1974	1	2024-07-08 11:41:17.14	60.45611572265625	0.6772884726524353	0.5565062761306763	4
1975	4	2022-12-27 13:08:51.32	53.8633918762207	1.1085439920425415	0.8213633894920349	5
1976	3	2022-04-26 14:24:21.33	182.09918212890625	1.2854623794555664	0.30846112966537476	5
1977	4	2022-09-25 14:19:59.79	103.94841766357422	0.7465711832046509	0.6553747653961182	4
1978	13	2022-07-06 10:18:54.04	77.28336334228516	1.373441219329834	0.7645630240440369	3
1982	13	2024-07-06 15:23:20.33	125.0865249633789	1.0543580055236816	0.5368318557739258	4
1984	13	2023-02-24 05:06:15.08	222.49041748046875	0.9398084878921509	0.8684384822845459	3
1986	3	2022-12-21 19:07:57.62	200.53932189941406	1.0489041805267334	0.3622852563858032	5
1987	7	2023-02-16 23:45:19.3	182.92977905273438	0.6544734239578247	0.5382358431816101	3
1988	4	2023-04-15 00:12:33.39	74.71012115478516	1.261626958847046	0.43090036511421204	5
1989	13	2022-02-23 14:13:51.66	258.4410095214844	0.6635801196098328	0.3029504716396332	4
1992	1	2022-05-11 00:06:44.4	176.12950134277344	1.3984423875808716	0.3193785548210144	5
1993	4	2024-04-07 06:50:44.48	210.309814453125	0.7646988034248352	0.590013325214386	4
1994	4	2024-05-19 15:28:16.46	209.29725646972656	0.5621499419212341	0.6032946705818176	3
1995	3	2023-12-02 21:47:49.83	180.76226806640625	1.119203805923462	0.6806153059005737	4
1996	13	2023-11-25 19:40:02.64	56.694854736328125	1.6540358066558838	0.7379397749900818	4
1997	6	2022-04-08 13:57:03.98	255.9645233154297	1.7127217054367065	0.7914837002754211	5
1998	3	2023-08-25 03:21:49.8	181.8867950439453	1.2220438718795776	0.3853616416454315	5
2001	1	2022-05-21 03:32:33.76	291.2868347167969	1.844576120376587	0.36066439747810364	5
2003	6	2022-10-19 03:07:35.61	133.84701538085938	1.1364134550094604	0.8574097156524658	3
2004	6	2022-10-28 09:56:25.02	176.1787109375	1.4412742853164673	0.35269418358802795	2
2005	1	2023-10-11 05:44:01.35	277.6111755371094	0.8551581501960754	0.6724856495857239	2
2006	4	2023-05-20 03:28:27.71	94.09869384765625	1.6981910467147827	0.5993911027908325	5
2007	1	2023-04-14 07:43:54.84	173.33108520507812	0.7240682244300842	0.8245446085929871	5
2009	7	2023-05-08 13:25:00.76	157.45489501953125	1.8498752117156982	0.735532283782959	2
2010	7	2024-08-07 18:06:09.61	67.2210922241211	1.8388028144836426	0.7280740737915039	2
2011	3	2023-12-27 12:31:36.22	237.0523223876953	1.525015115737915	0.9830937385559082	4
2012	3	2023-03-17 23:19:34.26	256.847900390625	1.8033876419067383	0.4317684471607208	4
2013	7	2023-04-06 02:22:38.91	50.43790054321289	1.7568323612213135	0.6353771686553955	4
2015	13	2024-03-11 20:37:03.19	51.260704040527344	1.6988105773925781	0.6342020034790039	5
2017	13	2023-08-05 05:30:18.63	231.32615661621094	1.3066256046295166	0.9057339429855347	5
2018	3	2023-08-17 15:28:26.66	73.35785675048828	1.3174859285354614	0.4285549521446228	5
2020	3	2022-06-04 13:36:49.04	296.91583251953125	1.500984787940979	0.9804545044898987	5
2021	7	2022-11-10 12:01:58.16	54.5739631652832	1.088107705116272	0.4823080599308014	3
2023	3	2023-01-06 02:25:43.89	166.56118774414062	1.7132091522216797	0.6415695548057556	5
2024	1	2022-08-15 15:36:03.39	171.43923950195312	0.6087988018989563	0.4610488712787628	5
2025	3	2024-01-14 16:21:56.47	184.94285583496094	1.2564433813095093	0.3192373514175415	4
2027	2	2023-03-30 15:20:28.06	201.7101287841797	0.7649373412132263	0.6410067677497864	5
2028	4	2022-03-03 00:43:43.06	198.46754455566406	1.393089771270752	0.9233565330505371	3
2029	3	2022-04-13 04:10:06.59	259.1033630371094	0.7996166348457336	0.49210435152053833	5
2030	4	2022-11-18 02:15:46.56	79.95152282714844	1.461138129234314	0.6809734106063843	2
2031	2	2023-01-01 06:18:11.45	77.78718566894531	1.4632470607757568	0.6280778050422668	2
2032	1	2023-03-30 15:15:23.42	65.5726318359375	1.6074140071868896	0.8756386041641235	3
2034	13	2024-02-28 05:31:39.87	112.55231475830078	0.6752016544342041	0.7000285387039185	4
2035	3	2024-06-13 13:16:59.68	249.3987274169922	1.7967318296432495	0.7428744435310364	2
2036	4	2022-02-18 05:20:29.32	112.3292465209961	0.7068303823471069	0.5094932913780212	2
2037	6	2023-10-03 18:08:33.33	64.3656005859375	0.9092488288879395	0.5072293281555176	2
2038	3	2024-04-05 16:44:41.46	188.20384216308594	1.7073345184326172	0.7596011757850647	4
2039	6	2024-02-24 07:53:55.69	254.60096740722656	0.9108039140701294	0.7681239247322083	2
2040	1	2024-04-27 19:18:51.74	109.33595275878906	0.5113950371742249	0.7007124423980713	4
2041	7	2023-01-09 10:17:01.84	82.26443481445312	0.6419020295143127	0.3218243420124054	3
2042	2	2023-05-30 20:55:19.12	67.72512817382812	0.956847608089447	0.49114635586738586	2
2043	4	2023-07-04 18:36:25.12	86.0521240234375	1.3287980556488037	0.3585803508758545	4
2044	7	2022-10-04 10:26:52.7	233.79710388183594	0.9529795050621033	0.6220883131027222	4
2045	6	2024-04-11 01:12:01.78	84.69029998779297	1.6785739660263062	0.3250036835670471	5
2046	4	2023-05-18 11:04:08.07	237.5819549560547	0.8382421135902405	0.3492998778820038	5
2047	6	2022-08-13 04:08:23.42	114.1706314086914	1.1423240900039673	0.47785335779190063	4
2048	6	2022-01-27 23:38:49.83	57.337520599365234	1.5997732877731323	0.7446647882461548	4
2049	2	2022-08-05 08:28:47.19	117.16820526123047	1.7096766233444214	0.3993789851665497	5
2050	2	2023-07-18 09:57:44.89	64.67951965332031	1.105829119682312	0.57749342918396	3
2051	7	2024-06-04 21:33:25.03	138.7288055419922	1.2781656980514526	0.7949457764625549	3
2052	6	2023-05-26 13:51:22.12	212.83425903320312	1.3770184516906738	0.9214898943901062	4
2053	2	2022-08-25 23:38:19.09	263.52386474609375	0.7737341523170471	0.3076060116291046	4
2054	13	2022-02-11 20:58:54.61	247.5689239501953	1.3323673009872437	0.35589492321014404	4
2055	3	2022-07-23 23:22:59.55	131.83645629882812	0.8850815892219543	0.6044634580612183	2
2056	1	2022-04-06 19:35:04.48	278.1651916503906	0.7020615339279175	0.8867155313491821	3
2057	13	2022-08-03 12:15:01.34	221.4982452392578	0.5201666951179504	0.43359342217445374	2
2058	4	2024-07-12 21:14:01.67	150.67132568359375	1.124582052230835	0.9949010014533997	2
2059	4	2024-04-16 17:43:49.55	213.94149780273438	0.9149428009986877	0.58798748254776	4
2060	13	2022-07-05 16:55:47.95	287.2286682128906	0.5348496437072754	0.6299686431884766	5
2061	13	2022-10-19 01:24:36.44	156.2049560546875	0.5859582424163818	0.8458461165428162	3
2062	6	2022-08-10 11:22:41.27	198.78250122070312	0.712959349155426	0.4774647355079651	2
2063	1	2024-01-02 01:54:51.78	239.0622100830078	1.0663583278656006	0.5194040536880493	2
2064	6	2023-12-02 00:30:48.27	186.01629638671875	0.6232655048370361	0.4623815417289734	2
2065	1	2022-02-19 21:06:43.9	171.48988342285156	1.9768447875976562	0.5479472875595093	2
2066	3	2022-02-25 16:05:04.57	298.5757751464844	1.906861662864685	0.4103267192840576	5
2067	13	2022-04-17 19:03:34.02	232.7959442138672	1.2781436443328857	0.9726248979568481	2
2068	4	2022-10-14 12:06:15.17	203.96395874023438	1.8242461681365967	0.4079444706439972	4
2069	7	2023-03-06 12:31:56.81	199.74415588378906	1.2118326425552368	0.5171837210655212	3
2070	4	2022-09-11 06:39:01.93	98.43950653076172	1.5701907873153687	0.8381111025810242	2
2071	6	2023-07-08 02:25:47.46	214.5255126953125	0.9819608926773071	0.4345582127571106	2
2072	3	2022-03-02 05:55:26.19	71.31475830078125	1.3332598209381104	0.8243488669395447	5
2073	1	2023-04-28 14:44:15.44	252.64532470703125	1.4389644861221313	0.9032038450241089	2
2074	4	2022-03-29 16:33:30.33	61.93404006958008	1.6672369241714478	0.7130542397499084	5
2075	2	2023-10-19 17:04:40.9	248.7352294921875	1.7830564975738525	0.5888710021972656	5
2076	2	2022-07-07 06:38:23.65	291.80792236328125	1.8333483934402466	0.8529849052429199	3
2077	13	2024-02-25 13:41:23.94	241.02197265625	1.7131927013397217	0.9403727650642395	3
2078	3	2022-08-12 07:10:53.91	147.95233154296875	1.0190820693969727	0.3654691278934479	5
2080	7	2022-12-10 18:02:52.6	121.74768829345703	0.5995453596115112	0.5876383185386658	3
2081	13	2022-08-25 09:52:09.19	146.54226684570312	0.6815762519836426	0.8524482846260071	5
2082	1	2023-09-18 22:49:22.66	262.1702880859375	0.6051325798034668	0.9370433688163757	4
2083	3	2024-05-20 16:34:34.3	175.37591552734375	1.11589777469635	0.5090137720108032	5
2084	2	2024-02-10 07:32:16.83	168.2537841796875	1.7604479789733887	0.7069072127342224	5
2085	3	2023-07-13 22:35:25.05	297.86798095703125	1.2136988639831543	0.9755491018295288	4
2086	3	2023-05-30 18:54:38.8	77.71287536621094	0.6144249439239502	0.6555941104888916	5
2087	4	2022-11-15 21:08:34.63	80.14984893798828	1.5436979532241821	0.9465438723564148	5
2088	2	2023-11-01 19:32:45.38	139.71669006347656	0.8503390550613403	0.6359362006187439	4
2089	2	2022-09-09 10:49:58.15	95.45475769042969	1.3252999782562256	0.9798839092254639	4
2090	7	2023-04-17 05:32:21.72	108.79768371582031	0.8844069838523865	0.31781989336013794	2
2091	3	2023-05-17 09:49:51.02	251.21209716796875	1.1918554306030273	0.3518659174442291	3
2092	4	2023-01-06 15:22:09.64	293.24212646484375	1.5554230213165283	0.9119536876678467	3
2094	1	2022-10-03 14:05:53.73	294.2989501953125	1.5642024278640747	0.5905821919441223	2
2095	4	2022-05-11 02:52:27.03	149.4604949951172	1.5747257471084595	0.9727720618247986	3
2096	7	2023-05-24 21:24:48.36	265.1056823730469	1.5812495946884155	0.4330653250217438	2
2097	4	2023-03-19 18:14:33.45	89.13448333740234	0.7304596900939941	0.6106564998626709	5
2098	13	2023-07-12 21:37:02.24	172.9484405517578	0.7569273710250854	0.642071008682251	2
2099	2	2024-05-12 01:43:14.64	294.3369140625	0.84406977891922	0.9728490710258484	5
2100	1	2022-09-06 12:11:37.15	157.20071411132812	1.8999199867248535	0.7565004229545593	5
2101	13	2023-03-14 04:03:38.19	153.7019500732422	1.5624301433563232	0.6752104759216309	2
2103	1	2023-08-14 05:40:44.14	153.21083068847656	0.8901308178901672	0.33734065294265747	4
2104	1	2022-03-13 18:14:19.64	190.75360107421875	1.802463412284851	0.8881051540374756	5
2105	1	2024-06-25 17:50:34.56	106.02629089355469	1.7548327445983887	0.858295202255249	5
2106	3	2022-03-19 11:08:12.41	202.23004150390625	0.779730498790741	0.6433617472648621	2
2107	4	2022-05-10 07:15:25.01	132.4650421142578	1.2677183151245117	0.6400960087776184	2
2108	4	2022-11-21 08:19:23.57	68.3634033203125	1.7118736505508423	0.57950359582901	2
2110	1	2023-02-24 03:39:42.91	168.337646484375	1.299303650856018	0.5675855875015259	2
2111	6	2023-09-06 18:03:18.24	199.10812377929688	1.085007905960083	0.5262877941131592	3
2112	1	2023-11-07 14:28:51.39	89.14308166503906	0.9154986143112183	0.9587222933769226	3
2113	7	2023-02-15 11:43:28.9	235.64857482910156	1.5265809297561646	0.8047343492507935	2
2114	6	2022-03-29 03:10:40.19	291.77569580078125	1.8821921348571777	0.5170301198959351	3
2115	2	2022-06-17 10:09:39.1	239.34400939941406	1.6262344121932983	0.7537238001823425	3
2116	3	2022-08-24 08:59:43.29	94.76899719238281	1.5272769927978516	0.3767673075199127	4
2118	6	2023-05-07 10:42:44.08	108.83131408691406	1.7682918310165405	0.4780861437320709	3
2119	4	2022-02-12 00:29:47.5	142.44757080078125	0.8105741143226624	0.7933786511421204	5
2120	3	2022-12-20 09:57:47.94	154.2624969482422	1.3252286911010742	0.4039151072502136	2
2122	1	2023-09-18 02:39:38.14	128.80709838867188	1.6357868909835815	0.8752219676971436	2
2123	13	2023-02-14 11:45:31.2	116.9150619506836	0.6269818544387817	0.3475552499294281	4
2124	6	2022-10-01 14:38:41.35	239.6290283203125	0.6358583569526672	0.36971527338027954	5
2125	13	2022-12-20 18:49:27.61	230.76698303222656	1.8878179788589478	0.7285196185112	2
2126	2	2022-04-17 05:22:17.05	212.82215881347656	1.5063199996948242	0.36846986413002014	2
2127	3	2023-04-17 05:56:24.54	174.32510375976562	1.3784749507904053	0.9470442533493042	4
2128	2	2024-04-19 01:53:52.93	61.91139602661133	1.3488136529922485	0.8945042490959167	2
2129	1	2024-07-08 08:32:38.04	210.7719268798828	1.8903095722198486	0.6240100264549255	3
2130	6	2023-04-22 12:45:57.75	150.93618774414062	1.8995881080627441	0.852047324180603	2
2131	13	2024-06-16 01:04:14.71	95.92662811279297	1.4800068140029907	0.8597016930580139	5
2132	7	2024-07-10 03:27:29.93	154.40911865234375	1.997746467590332	0.6361855268478394	2
2134	13	2023-08-21 05:23:58.85	162.66090393066406	0.9541953802108765	0.5981178283691406	2
2135	4	2023-01-15 01:10:04.51	163.7942352294922	1.8673349618911743	0.48850104212760925	5
2136	2	2024-06-29 14:56:25.81	196.0840606689453	1.0983332395553589	0.9364390969276428	5
2139	2	2023-08-29 20:38:30.1	140.3402862548828	0.8336284160614014	0.5731959939002991	3
2140	6	2022-11-01 19:56:37.55	149.779541015625	1.2171305418014526	0.9094669222831726	2
2141	4	2023-06-30 22:06:05.88	147.55099487304688	0.9433568716049194	0.8070807456970215	3
2143	3	2023-04-15 19:07:17.95	296.79608154296875	1.8397917747497559	0.8833106160163879	5
2144	4	2023-04-15 08:54:42.12	299.94171142578125	0.970912754535675	0.9901835322380066	5
2145	2	2022-10-14 05:29:43.44	76.20858001708984	0.8785958290100098	0.5865349173545837	4
2147	6	2023-12-14 11:53:30.45	272.3245544433594	1.5760523080825806	0.7034491896629333	2
2148	4	2023-09-04 02:03:04.34	148.39749145507812	1.5387622117996216	0.8014736175537109	3
2149	2	2022-12-05 13:38:40.57	232.83206176757812	0.673258364200592	0.8116818070411682	4
2150	1	2023-03-13 11:50:41.92	228.0133819580078	1.564144492149353	0.7411832809448242	5
2151	13	2024-05-05 00:26:51.91	288.2065124511719	0.6576011180877686	0.37644824385643005	5
2152	4	2022-01-10 00:18:22.37	211.59927368164062	1.6789560317993164	0.46972891688346863	2
2153	13	2023-02-09 09:11:14.65	195.81182861328125	1.5084723234176636	0.5244060158729553	5
2154	13	2022-09-08 23:17:39.06	125.09415435791016	0.8463273644447327	0.6493484377861023	4
2155	7	2022-07-30 20:32:47.53	236.00152587890625	1.2857919931411743	0.6175812482833862	3
2156	7	2023-07-24 18:06:45.9	285.7679138183594	0.8229196071624756	0.4305422008037567	2
2157	2	2022-06-15 10:26:48.44	258.05230712890625	1.3994717597961426	0.5245288014411926	3
2159	4	2022-04-29 23:05:42.8	240.0680694580078	0.5420234203338623	0.676715612411499	2
2160	13	2022-05-17 15:28:52.28	173.49777221679688	1.262560486793518	0.3064556121826172	4
2161	3	2023-12-17 03:48:34.44	170.15167236328125	0.8718106746673584	0.368251770734787	5
2227	4	2024-08-09 23:28:48.638453	800.2100219726562	9.920000076293945	11.609999656677246	2
2226	4	2024-08-09 22:28:42.98	800.2100219726562	9.920000076293945	11.609999656677246	2
2225	4	2024-08-09 22:28:08.564	800.2100219726562	9.920000076293945	11.609999656677246	2
2224	4	2024-08-09 22:23:54.064	800.2100219726562	9.920000076293945	11.609999656677246	2
2223	4	2024-08-09 19:23:26.116	800.2100219726562	9.920000076293945	11.609999656677246	2
2222	4	2024-08-09 18:23:25.434	800.2100219726562	9.920000076293945	11.609999656677246	2
2228	4	2024-08-09 23:37:13.04067	800.2100219726562	9.920000076293945	11.609999656677246	2
2229	4	2024-08-09 23:37:13.730755	800.2100219726562	9.920000076293945	11.609999656677246	2
2230	4	2024-08-09 23:37:15.761459	800.2100219726562	9.920000076293945	11.609999656677246	2
2231	4	2024-08-10 00:42:25.504821	800.2100219726562	9.920000076293945	11.609999656677246	2
2232	4	2024-08-10 00:42:26.265322	800.2100219726562	9.920000076293945	11.609999656677246	2
2233	4	2024-08-10 00:42:35.890465	800.2100219726562	9.920000076293945	11.609999656677246	2
2234	4	2024-08-10 00:42:36.541517	800.2100219726562	9.920000076293945	11.609999656677246	2
2235	4	2024-08-10 00:42:37.068547	800.2100219726562	9.920000076293945	11.609999656677246	2
2236	4	2024-08-11 20:51:17.325089	800.2100219726562	9.920000076293945	11.609999656677246	2
2237	4	2024-08-11 20:51:38.442972	800.2100219726562	9.920000076293945	11.609999656677246	2
2238	4	2024-08-11 20:51:39.062987	800.2100219726562	9.920000076293945	11.609999656677246	2
2239	4	2024-08-11 20:51:39.605526	800.2100219726562	9.920000076293945	11.609999656677246	2
\.


--
-- Name: station_sequence; Type: SEQUENCE SET; Schema: public; Owner: postgres
--

SELECT pg_catalog.setval('public.station_sequence', 44, true);


--
-- Name: unit_sequence; Type: SEQUENCE SET; Schema: public; Owner: postgres
--

SELECT pg_catalog.setval('public.unit_sequence', 47, true);


--
-- Name: wash_cycle_sequence; Type: SEQUENCE SET; Schema: public; Owner: postgres
--

SELECT pg_catalog.setval('public.wash_cycle_sequence', 2239, true);


--
-- Name: station station_pkey; Type: CONSTRAINT; Schema: public; Owner: postgres
--

ALTER TABLE ONLY public.station
    ADD CONSTRAINT station_pkey PRIMARY KEY (station_id);


--
-- Name: unit unit_pkey; Type: CONSTRAINT; Schema: public; Owner: postgres
--

ALTER TABLE ONLY public.unit
    ADD CONSTRAINT unit_pkey PRIMARY KEY (unit_id);


--
-- Name: wash_cycle wash_cycle_pkey; Type: CONSTRAINT; Schema: public; Owner: postgres
--

ALTER TABLE ONLY public.wash_cycle
    ADD CONSTRAINT wash_cycle_pkey PRIMARY KEY (wash_cycle_id);


--
-- PostgreSQL database dump complete
--

